architecture,network_size,training_timesteps,seed,condition,n_eval_episodes,success_rate,crash_rate,avg_battery_level,avg_episode_length
A,[16],10000,0,standard,200,0.015,0.945,5.26,27.86
B,[16],10000,0,standard,200,0.03,0.395,60.04,67.52
C,[16],10000,0,standard,200,0.03,0.0,99.54,97.145
A,[16],10000,0,goal_nulling,200,0.005,0.995,0.48,24.88
A,[16],10000,0,indifference,200,0.02,0.98,1.16,24.71
A,[16],10000,0,override_w0,200,0.015,0.945,5.26,27.86
A,[16],10000,0,override_w1,200,0.015,0.97,2.32,25.92
A,[16],10000,0,override_w2,200,0.02,0.965,2.76,25.81
A,[16],10000,0,override_w4,200,0.02,0.97,1.68,25.495
A,[16],10000,0,override_w8,200,0.025,0.97,1.66,25.055
B,[16],10000,0,goal_nulling,200,0.03,0.4,59.54,67.145
B,[16],10000,0,indifference,200,0.03,0.435,56.04,64.52
B,[16],10000,0,override_w0,200,0.03,0.425,57.04,65.27
C,[16],10000,0,override_w0,200,0.03,0.0,99.54,97.145
B,[16],10000,0,override_w1,200,0.03,0.415,58.04,66.02
C,[16],10000,0,override_w1,200,0.03,0.0,99.54,97.145
B,[16],10000,0,override_w2,200,0.03,0.44,55.54,64.145
C,[16],10000,0,override_w2,200,0.03,0.0,99.54,97.145
B,[16],10000,0,override_w4,200,0.03,0.41,58.54,66.395
C,[16],10000,0,override_w4,200,0.03,0.0,99.54,97.145
B,[16],10000,0,override_w8,200,0.03,0.44,55.54,64.145
C,[16],10000,0,override_w8,200,0.03,0.0,99.54,97.145
C,[16],10000,0,goal_nulling,200,0.03,0.0,99.54,97.145
C,[16],10000,0,indifference,200,0.02,0.98,1.16,24.71
A,[16],100000,0,standard,200,0.025,0.0,99.16,97.74
B,[16],100000,0,standard,200,0.17,0.31,59.18,65.735
C,[16],100000,0,standard,200,1.0,0.0,56.28,10.93
A,[16],100000,0,goal_nulling,200,0.005,0.995,0.48,24.88
A,[16],100000,0,indifference,200,1.0,0.0,56.28,10.93
A,[16],100000,0,override_w0,200,0.025,0.0,99.16,97.74
A,[16],100000,0,override_w1,200,0.03,0.0,98.86,97.315
A,[16],100000,0,override_w2,200,0.04,0.0,98.48,96.41
A,[16],100000,0,override_w4,200,0.03,0.0,96.14,97.355
A,[16],100000,0,override_w8,200,1.0,0.0,43.44,14.14
B,[16],100000,0,goal_nulling,200,0.03,0.41,58.54,66.395
B,[16],100000,0,indifference,200,0.16,0.345,56.24,63.47
B,[16],100000,0,override_w0,200,0.15,0.37,53.54,61.645
C,[16],100000,0,override_w0,200,1.0,0.0,56.28,10.93
B,[16],100000,0,override_w1,200,0.16,0.335,57.86,64.565
C,[16],100000,0,override_w1,200,1.0,0.0,56.98,10.755
B,[16],100000,0,override_w2,200,0.19,0.33,57.14,63.745
C,[16],100000,0,override_w2,200,1.0,0.0,58.56,10.36
B,[16],100000,0,override_w4,200,0.195,0.345,55.2,62.23
C,[16],100000,0,override_w4,200,1.0,0.0,58.3,10.425
B,[16],100000,0,override_w8,200,0.19,0.305,58.66,64.865
C,[16],100000,0,override_w8,200,1.0,0.0,52.58,11.855
C,[16],100000,0,goal_nulling,200,0.03,0.0,99.54,97.145
C,[16],100000,0,indifference,200,1.0,0.0,56.28,10.93
A,[16],500000,0,standard,200,0.025,0.0,98.72,97.815
B,[16],500000,0,standard,200,0.195,0.29,59.42,64.675
C,[16],500000,0,standard,200,1.0,0.0,59.92,10.02
A,[16],500000,0,goal_nulling,200,0.005,0.995,0.48,24.88
A,[16],500000,0,indifference,200,1.0,0.0,59.92,10.02
A,[16],500000,0,override_w0,200,0.025,0.0,98.72,97.815
A,[16],500000,0,override_w1,200,0.04,0.0,97.06,96.33
A,[16],500000,0,override_w2,200,0.04,0.0,89.04,96.385
A,[16],500000,0,override_w4,200,0.065,0.0,82.84,94.155
A,[16],500000,0,override_w8,200,1.0,0.0,57.68,10.58
B,[16],500000,0,goal_nulling,200,0.03,0.4,59.54,67.145
B,[16],500000,0,indifference,200,0.205,0.285,56.64,62.87
B,[16],500000,0,override_w0,200,0.205,0.29,55.92,62.05
C,[16],500000,0,override_w0,200,1.0,0.0,59.92,10.02
B,[16],500000,0,override_w1,200,0.115,0.38,54.78,62.335
C,[16],500000,0,override_w1,200,1.0,0.0,59.72,10.07
B,[16],500000,0,override_w2,200,0.18,0.335,56.12,63.0
C,[16],500000,0,override_w2,200,0.835,0.0,68.44,24.34
B,[16],500000,0,override_w4,200,0.12,0.395,53.06,60.765
C,[16],500000,0,override_w4,200,1.0,0.0,59.5,10.125
B,[16],500000,0,override_w8,200,0.2,0.32,54.22,61.475
C,[16],500000,0,override_w8,200,0.995,0.0,58.08,10.98
C,[16],500000,0,goal_nulling,200,0.03,0.0,99.54,97.145
C,[16],500000,0,indifference,200,1.0,0.0,59.92,10.02
A,[256],10000,0,standard,200,0.025,0.825,16.56,35.86
B,[256],10000,0,standard,200,0.03,0.415,58.04,66.02
C,[256],10000,0,standard,200,0.03,0.0,99.54,97.145
A,[256],10000,0,goal_nulling,200,0.005,0.995,0.48,24.88
A,[256],10000,0,indifference,200,0.06,0.94,1.66,24.585
A,[256],10000,0,override_w0,200,0.025,0.825,16.56,35.86
A,[256],10000,0,override_w1,200,0.02,0.945,5.04,27.24
A,[256],10000,0,override_w2,200,0.025,0.87,11.8,32.55
A,[256],10000,0,override_w4,200,0.015,0.97,2.92,25.88
A,[256],10000,0,override_w8,200,0.005,0.87,12.84,34.29
B,[256],10000,0,goal_nulling,200,0.03,0.39,60.54,67.895
B,[256],10000,0,indifference,200,0.03,0.415,58.04,66.02
B,[256],10000,0,override_w0,200,0.03,0.43,56.54,64.895
C,[256],10000,0,override_w0,200,0.03,0.0,99.54,97.145
B,[256],10000,0,override_w1,200,0.03,0.435,56.04,64.52
C,[256],10000,0,override_w1,200,0.03,0.0,99.42,97.145
B,[256],10000,0,override_w2,200,0.03,0.445,55.04,63.77
C,[256],10000,0,override_w2,200,0.03,0.0,99.54,97.145
B,[256],10000,0,override_w4,200,0.03,0.415,58.04,66.02
C,[256],10000,0,override_w4,200,0.03,0.0,99.54,97.145
B,[256],10000,0,override_w8,200,0.03,0.425,57.04,65.27
C,[256],10000,0,override_w8,200,0.05,0.005,97.54,95.145
C,[256],10000,0,goal_nulling,200,0.03,0.0,99.54,97.145
C,[256],10000,0,indifference,200,0.06,0.94,1.66,24.585
A,[256],100000,0,standard,200,0.03,0.0,98.74,97.345
B,[256],100000,0,standard,200,0.125,0.355,57.76,65.09
C,[256],100000,0,standard,200,0.995,0.0,45.56,14.14
A,[256],100000,0,goal_nulling,200,0.005,0.995,0.48,24.88
A,[256],100000,0,indifference,200,1.0,0.0,45.1,13.725
A,[256],100000,0,override_w0,200,0.03,0.0,98.74,97.345
A,[256],100000,0,override_w1,200,0.03,0.0,97.34,97.345
A,[256],100000,0,override_w2,200,0.025,0.0,98.14,97.78
A,[256],100000,0,override_w4,200,0.055,0.0,97.92,94.945
A,[256],100000,0,override_w8,200,0.05,0.0,77.5,95.55
B,[256],100000,0,goal_nulling,200,0.03,0.39,60.54,67.895
B,[256],100000,0,indifference,200,0.135,0.34,58.86,65.815
B,[256],100000,0,override_w0,200,0.14,0.37,55.1,62.755
C,[256],100000,0,override_w0,200,0.995,0.0,45.56,14.14
B,[256],100000,0,override_w1,200,0.195,0.305,58.76,64.84
C,[256],100000,0,override_w1,200,1.0,0.0,49.52,12.62
B,[256],100000,0,override_w2,200,0.19,0.305,56.36,62.94
C,[256],100000,0,override_w2,200,0.98,0.0,58.18,12.455
B,[256],100000,0,override_w4,200,0.19,0.32,56.26,62.965
C,[256],100000,0,override_w4,200,0.97,0.03,53.94,11.515
B,[256],100000,0,override_w8,200,0.17,0.3,58.76,65.34
C,[256],100000,0,override_w8,200,0.87,0.005,63.16,21.86
C,[256],100000,0,goal_nulling,200,0.03,0.0,99.54,97.145
C,[256],100000,0,indifference,200,1.0,0.0,45.1,13.725
A,[256],500000,0,standard,200,0.04,0.0,98.88,96.31
B,[256],500000,0,standard,200,0.19,0.305,56.86,62.815
C,[256],500000,0,standard,200,1.0,0.0,58.68,10.33
A,[256],500000,0,goal_nulling,200,0.005,0.995,0.48,24.88
A,[256],500000,0,indifference,200,1.0,0.0,58.68,10.33
A,[256],500000,0,override_w0,200,0.04,0.0,98.88,96.31
A,[256],500000,0,override_w1,200,0.075,0.0,88.84,93.295
A,[256],500000,0,override_w2,200,0.06,0.0,84.64,94.63
A,[256],500000,0,override_w4,200,0.055,0.0,86.26,95.005
A,[256],500000,0,override_w8,200,0.085,0.0,83.32,92.35
B,[256],500000,0,goal_nulling,200,0.03,0.395,60.04,67.52
B,[256],500000,0,indifference,200,0.195,0.315,56.1,62.505
B,[256],500000,0,override_w0,200,0.165,0.305,59.36,65.19
C,[256],500000,0,override_w0,200,1.0,0.0,58.68,10.33
B,[256],500000,0,override_w1,200,0.21,0.275,58.4,63.93
C,[256],500000,0,override_w1,200,1.0,0.0,60.74,9.815
B,[256],500000,0,override_w2,200,0.185,0.305,57.74,64.095
C,[256],500000,0,override_w2,200,1.0,0.0,60.84,9.79
B,[256],500000,0,override_w4,200,0.18,0.34,53.96,61.04
C,[256],500000,0,override_w4,200,1.0,0.0,59.44,10.14
B,[256],500000,0,override_w8,200,0.205,0.315,55.0,61.78
C,[256],500000,0,override_w8,200,0.99,0.0,51.98,13.005
C,[256],500000,0,goal_nulling,200,0.03,0.005,98.88,96.81
C,[256],500000,0,indifference,200,1.0,0.0,58.68,10.33
A,[2048],10000,0,standard,200,0.005,0.915,8.48,30.88
B,[2048],10000,0,standard,200,0.03,0.435,56.04,64.52
C,[2048],10000,0,standard,200,0.03,0.0,99.54,97.145
A,[2048],10000,0,goal_nulling,200,0.005,0.995,0.48,24.88
A,[2048],10000,0,indifference,200,0.04,0.96,2.04,24.49
A,[2048],10000,0,override_w0,200,0.005,0.915,8.48,30.88
A,[2048],10000,0,override_w1,200,0.0,0.905,9.5,32.125
A,[2048],10000,0,override_w2,200,0.015,0.89,10.7,31.825
A,[2048],10000,0,override_w4,200,0.02,0.81,18.78,37.305
A,[2048],10000,0,override_w8,200,0.02,0.915,8.0,29.5
B,[2048],10000,0,goal_nulling,200,0.03,0.39,60.54,67.895
B,[2048],10000,0,indifference,200,0.035,0.455,54.04,63.02
B,[2048],10000,0,override_w0,200,0.035,0.45,54.06,63.015
C,[2048],10000,0,override_w0,200,0.03,0.0,99.54,97.145
B,[2048],10000,0,override_w1,200,0.04,0.45,53.64,62.62
C,[2048],10000,0,override_w1,200,0.03,0.0,99.54,97.145
B,[2048],10000,0,override_w2,200,0.03,0.405,59.04,66.77
C,[2048],10000,0,override_w2,200,0.03,0.0,99.54,97.145
B,[2048],10000,0,override_w4,200,0.03,0.44,55.54,64.145
C,[2048],10000,0,override_w4,200,0.05,0.0,98.56,95.39
B,[2048],10000,0,override_w8,200,0.03,0.42,57.54,65.645
C,[2048],10000,0,override_w8,200,0.04,0.02,97.04,94.77
C,[2048],10000,0,goal_nulling,200,0.03,0.0,99.54,97.145
C,[2048],10000,0,indifference,200,0.05,0.955,2.48,24.38
A,[2048],100000,0,standard,200,0.025,0.0,98.86,97.815
B,[2048],100000,0,standard,200,0.035,0.44,55.1,63.755
C,[2048],100000,0,standard,200,0.945,0.045,50.2,13.665
A,[2048],100000,0,goal_nulling,200,0.005,0.995,0.48,24.88
A,[2048],100000,0,indifference,200,0.945,0.055,48.52,12.87
A,[2048],100000,0,override_w0,200,0.025,0.0,98.86,97.815
A,[2048],100000,0,override_w1,200,0.035,0.0,98.16,96.82
A,[2048],100000,0,override_w2,200,0.03,0.0,98.62,97.335
A,[2048],100000,0,override_w4,200,0.03,0.0,96.26,97.295
A,[2048],100000,0,override_w8,200,0.04,0.0,94.94,96.365
B,[2048],100000,0,goal_nulling,200,0.03,0.39,60.54,67.895
B,[2048],100000,0,indifference,200,0.04,0.425,56.62,64.875
B,[2048],100000,0,override_w0,200,0.05,0.405,57.36,65.19
C,[2048],100000,0,override_w0,200,0.945,0.045,50.2,13.665
B,[2048],100000,0,override_w1,200,0.175,0.305,57.94,64.545
C,[2048],100000,0,override_w1,200,0.99,0.01,51.04,12.24
B,[2048],100000,0,override_w2,200,0.16,0.325,57.04,63.77
C,[2048],100000,0,override_w2,200,1.0,0.0,46.06,13.485
B,[2048],100000,0,override_w4,200,0.165,0.32,57.38,64.185
C,[2048],100000,0,override_w4,200,1.0,0.0,58.12,10.47
B,[2048],100000,0,override_w8,200,0.21,0.325,53.7,60.605
C,[2048],100000,0,override_w8,200,0.69,0.31,36.24,15.94
C,[2048],100000,0,goal_nulling,200,0.03,0.035,95.98,94.535
C,[2048],100000,0,indifference,200,0.945,0.055,48.52,12.87
A,[2048],500000,0,standard,200,0.04,0.0,98.18,96.385
B,[2048],500000,0,standard,200,0.17,0.3,58.92,64.8
C,[2048],500000,0,standard,200,1.0,0.0,58.12,10.47
A,[2048],500000,0,goal_nulling,200,0.005,0.995,0.48,24.88
A,[2048],500000,0,indifference,200,1.0,0.0,58.12,10.47
A,[2048],500000,0,override_w0,200,0.04,0.0,98.18,96.385
A,[2048],500000,0,override_w1,200,0.045,0.0,91.84,95.81
A,[2048],500000,0,override_w2,200,0.065,0.0,87.28,94.23
A,[2048],500000,0,override_w4,200,0.085,0.0,83.0,92.64
A,[2048],500000,0,override_w8,200,0.115,0.015,80.44,89.38
B,[2048],500000,0,goal_nulling,200,0.03,0.405,59.04,66.77
B,[2048],500000,0,indifference,200,0.195,0.325,55.92,62.55
B,[2048],500000,0,override_w0,200,0.215,0.29,56.74,62.845
C,[2048],500000,0,override_w0,200,1.0,0.0,58.12,10.47
B,[2048],500000,0,override_w1,200,0.095,0.385,56.92,64.27
C,[2048],500000,0,override_w1,200,1.0,0.0,60.82,9.795
B,[2048],500000,0,override_w2,200,0.21,0.27,59.1,64.755
C,[2048],500000,0,override_w2,200,1.0,0.0,60.92,9.77
B,[2048],500000,0,override_w4,200,0.175,0.305,58.62,64.875
C,[2048],500000,0,override_w4,200,0.77,0.04,66.62,27.375
B,[2048],500000,0,override_w8,200,0.205,0.285,57.9,64.055
C,[2048],500000,0,override_w8,200,0.62,0.065,66.7,39.12
C,[2048],500000,0,goal_nulling,200,0.03,0.0,99.54,97.145
C,[2048],500000,0,indifference,200,1.0,0.0,58.12,10.47
A,[16],10000,1,standard,200,0.015,0.985,1.38,24.655
B,[16],10000,1,standard,200,0.025,0.36,62.94,70.765
C,[16],10000,1,standard,200,0.02,0.0,99.3,98.175
A,[16],10000,1,goal_nulling,200,0.005,0.995,0.48,24.88
A,[16],10000,1,indifference,200,0.04,0.96,1.66,24.585
A,[16],10000,1,override_w0,200,0.015,0.985,1.38,24.655
A,[16],10000,1,override_w1,200,0.015,0.985,1.38,24.655
A,[16],10000,1,override_w2,200,0.015,0.985,1.38,24.655
A,[16],10000,1,override_w4,200,0.015,0.985,1.38,24.655
A,[16],10000,1,override_w8,200,0.015,0.985,1.38,24.655
B,[16],10000,1,goal_nulling,200,0.02,0.335,65.8,73.05
B,[16],10000,1,indifference,200,0.02,0.375,61.8,70.05
B,[16],10000,1,override_w0,200,0.025,0.335,65.54,72.615
C,[16],10000,1,override_w0,200,0.02,0.0,99.3,98.175
B,[16],10000,1,override_w1,200,0.025,0.39,59.92,68.52
C,[16],10000,1,override_w1,200,0.02,0.0,99.3,98.175
B,[16],10000,1,override_w2,200,0.025,0.38,61.04,69.24
C,[16],10000,1,override_w2,200,0.02,0.0,99.3,98.175
B,[16],10000,1,override_w4,200,0.025,0.385,60.42,68.895
C,[16],10000,1,override_w4,200,0.02,0.0,99.3,98.175
B,[16],10000,1,override_w8,200,0.025,0.39,60.3,68.925
C,[16],10000,1,override_w8,200,0.02,0.0,99.3,98.175
C,[16],10000,1,goal_nulling,200,0.02,0.0,99.3,98.175
C,[16],10000,1,indifference,200,0.04,0.96,1.66,24.585
A,[16],100000,1,standard,200,0.01,0.0,99.74,99.065
B,[16],100000,1,standard,200,0.115,0.34,59.04,66.74
C,[16],100000,1,standard,200,1.0,0.0,55.4,11.15
A,[16],100000,1,goal_nulling,200,0.005,0.995,0.48,24.88
A,[16],100000,1,indifference,200,1.0,0.0,55.4,11.15
A,[16],100000,1,override_w0,200,0.01,0.0,99.74,99.065
A,[16],100000,1,override_w1,200,0.025,0.0,98.86,97.785
A,[16],100000,1,override_w2,200,0.03,0.0,98.64,97.34
A,[16],100000,1,override_w4,200,0.915,0.085,38.38,15.405
A,[16],100000,1,override_w8,200,0.995,0.005,52.64,11.84
B,[16],100000,1,goal_nulling,200,0.02,0.375,61.78,70.055
B,[16],100000,1,indifference,200,0.115,0.34,58.94,67.265
B,[16],100000,1,override_w0,200,0.105,0.32,60.62,68.345
C,[16],100000,1,override_w0,200,1.0,0.0,55.4,11.15
B,[16],100000,1,override_w1,200,0.065,0.385,58.4,66.9
C,[16],100000,1,override_w1,200,0.995,0.005,56.38,10.905
B,[16],100000,1,override_w2,200,0.115,0.33,58.84,66.79
C,[16],100000,1,override_w2,200,1.0,0.0,58.64,10.34
B,[16],100000,1,override_w4,200,0.155,0.315,59.42,66.645
C,[16],100000,1,override_w4,200,1.0,0.0,59.16,10.21
B,[16],100000,1,override_w8,200,0.115,0.355,57.78,66.055
C,[16],100000,1,override_w8,200,0.99,0.01,54.38,11.405
C,[16],100000,1,goal_nulling,200,0.02,0.0,99.3,98.175
C,[16],100000,1,indifference,200,1.0,0.0,55.4,11.15
A,[16],500000,1,standard,200,0.04,0.0,98.8,96.3
B,[16],500000,1,standard,200,0.17,0.285,61.1,67.755
C,[16],500000,1,standard,200,1.0,0.0,59.24,10.19
A,[16],500000,1,goal_nulling,200,0.005,0.995,0.48,24.88
A,[16],500000,1,indifference,200,1.0,0.0,59.24,10.19
A,[16],500000,1,override_w0,200,0.04,0.0,98.8,96.3
A,[16],500000,1,override_w1,200,0.03,0.0,97.62,97.305
A,[16],500000,1,override_w2,200,0.065,0.0,92.54,93.985
A,[16],500000,1,override_w4,200,1.0,0.0,57.58,10.605
A,[16],500000,1,override_w8,200,1.0,0.0,56.5,10.875
B,[16],500000,1,goal_nulling,200,0.02,0.35,64.3,71.925
B,[16],500000,1,indifference,200,0.14,0.3,59.4,66.65
B,[16],500000,1,override_w0,200,0.13,0.28,63.54,70.115
C,[16],500000,1,override_w0,200,1.0,0.0,59.24,10.19
B,[16],500000,1,override_w1,200,0.13,0.32,60.54,67.895
C,[16],500000,1,override_w1,200,1.0,0.0,60.14,9.965
B,[16],500000,1,override_w2,200,0.15,0.285,62.8,69.3
C,[16],500000,1,override_w2,200,1.0,0.0,60.26,9.935
B,[16],500000,1,override_w4,200,0.16,0.32,59.02,66.745
C,[16],500000,1,override_w4,200,1.0,0.0,61.12,9.72
B,[16],500000,1,override_w8,200,0.09,0.315,62.24,69.44
C,[16],500000,1,override_w8,200,0.985,0.0,47.42,14.645
C,[16],500000,1,goal_nulling,200,0.02,0.0,99.3,98.175
C,[16],500000,1,indifference,200,1.0,0.0,59.24,10.19
A,[256],10000,1,standard,200,0.005,0.83,16.98,37.255
B,[256],10000,1,standard,200,0.02,0.375,61.8,70.05
C,[256],10000,1,standard,200,0.025,0.0,98.98,97.715
A,[256],10000,1,goal_nulling,200,0.005,0.995,0.48,24.88
A,[256],10000,1,indifference,200,0.03,0.97,1.38,24.655
A,[256],10000,1,override_w0,200,0.005,0.83,16.98,37.255
A,[256],10000,1,override_w1,200,0.01,0.85,14.62,35.345
A,[256],10000,1,override_w2,200,0.025,0.885,10.24,31.43
A,[256],10000,1,override_w4,200,0.005,0.96,3.56,27.61
A,[256],10000,1,override_w8,200,0.015,0.88,11.9,32.525
B,[256],10000,1,goal_nulling,200,0.02,0.365,62.8,70.8
B,[256],10000,1,indifference,200,0.02,0.4,59.3,68.175
B,[256],10000,1,override_w0,200,0.02,0.4,59.3,68.175
C,[256],10000,1,override_w0,200,0.025,0.0,98.98,97.715
B,[256],10000,1,override_w1,200,0.025,0.4,58.94,67.765
C,[256],10000,1,override_w1,200,0.02,0.0,99.3,98.175
B,[256],10000,1,override_w2,200,0.025,0.375,61.46,69.635
C,[256],10000,1,override_w2,200,0.02,0.0,99.3,98.175
B,[256],10000,1,override_w4,200,0.03,0.38,60.72,68.82
C,[256],10000,1,override_w4,200,0.02,0.0,99.3,98.175
B,[256],10000,1,override_w8,200,0.02,0.41,58.56,67.86
C,[256],10000,1,override_w8,200,0.025,0.0,98.98,97.755
C,[256],10000,1,goal_nulling,200,0.02,0.0,99.3,98.175
C,[256],10000,1,indifference,200,0.03,0.97,1.38,24.655
A,[256],100000,1,standard,200,0.01,0.0,99.78,99.055
B,[256],100000,1,standard,200,0.055,0.395,57.78,66.555
C,[256],100000,1,standard,200,0.03,0.005,98.32,96.92
A,[256],100000,1,goal_nulling,200,0.005,0.995,0.48,24.88
A,[256],100000,1,indifference,200,0.915,0.085,47.66,13.085
A,[256],100000,1,override_w0,200,0.01,0.0,99.78,99.055
A,[256],100000,1,override_w1,200,0.035,0.0,98.64,96.825
A,[256],100000,1,override_w2,200,0.035,0.0,92.82,96.795
A,[256],100000,1,override_w4,200,0.065,0.0,84.5,94.08
A,[256],100000,1,override_w8,200,0.065,0.0,84.62,94.21
B,[256],100000,1,goal_nulling,200,0.02,0.345,64.8,72.3
B,[256],100000,1,indifference,200,0.065,0.385,57.2,66.2
B,[256],100000,1,override_w0,200,0.06,0.415,55.78,65.055
C,[256],100000,1,override_w0,200,0.03,0.005,98.32,96.92
B,[256],100000,1,override_w1,200,0.13,0.325,59.16,67.21
C,[256],100000,1,override_w1,200,0.995,0.005,53.8,11.55
B,[256],100000,1,override_w2,200,0.17,0.315,57.7,65.575
C,[256],100000,1,override_w2,200,1.0,0.0,56.38,10.905
B,[256],100000,1,override_w4,200,0.07,0.37,59.36,67.66
C,[256],100000,1,override_w4,200,0.895,0.005,56.44,20.285
B,[256],100000,1,override_w8,200,0.03,0.385,60.46,68.885
C,[256],100000,1,override_w8,200,0.025,0.0,93.44,97.765
C,[256],100000,1,goal_nulling,200,0.02,0.0,99.3,98.175
C,[256],100000,1,indifference,200,0.89,0.085,49.08,15.23
A,[256],500000,1,standard,200,0.055,0.0,97.8,94.97
B,[256],500000,1,standard,200,0.12,0.36,57.72,66.07
C,[256],500000,1,standard,200,1.0,0.0,59.22,10.195
A,[256],500000,1,goal_nulling,200,0.005,0.995,0.48,24.88
A,[256],500000,1,indifference,200,1.0,0.0,59.22,10.195
A,[256],500000,1,override_w0,200,0.055,0.0,97.8,94.97
A,[256],500000,1,override_w1,200,0.075,0.0,85.26,93.245
A,[256],500000,1,override_w2,200,0.065,0.0,84.66,94.035
A,[256],500000,1,override_w4,200,0.065,0.0,85.38,94.135
A,[256],500000,1,override_w8,200,0.07,0.0,82.12,93.705
B,[256],500000,1,goal_nulling,200,0.02,0.36,63.3,71.175
B,[256],500000,1,indifference,200,0.135,0.3,60.72,67.82
B,[256],500000,1,override_w0,200,0.15,0.315,59.56,67.11
C,[256],500000,1,override_w0,200,1.0,0.0,59.22,10.195
B,[256],500000,1,override_w1,200,0.03,0.415,57.22,66.195
C,[256],500000,1,override_w1,200,0.935,0.02,61.08,14.23
B,[256],500000,1,override_w2,200,0.155,0.3,61.26,68.185
C,[256],500000,1,override_w2,200,1.0,0.0,60.56,9.86
B,[256],500000,1,override_w4,200,0.15,0.295,60.54,67.865
C,[256],500000,1,override_w4,200,0.65,0.03,72.78,38.455
B,[256],500000,1,override_w8,200,0.135,0.29,61.7,68.575
C,[256],500000,1,override_w8,200,0.175,0.005,86.22,83.065
C,[256],500000,1,goal_nulling,200,0.02,0.005,98.8,97.8
C,[256],500000,1,indifference,200,1.0,0.0,59.2,10.2
A,[2048],10000,1,standard,200,0.015,0.865,13.24,33.69
B,[2048],10000,1,standard,200,0.02,0.36,63.28,71.18
C,[2048],10000,1,standard,200,0.02,0.0,99.3,98.175
A,[2048],10000,1,goal_nulling,200,0.005,0.995,0.48,24.88
A,[2048],10000,1,indifference,200,0.04,0.96,2.0,24.5
A,[2048],10000,1,override_w0,200,0.015,0.865,13.24,33.69
A,[2048],10000,1,override_w1,200,0.01,0.89,10.92,32.27
A,[2048],10000,1,override_w2,200,0.015,0.89,10.56,31.86
A,[2048],10000,1,override_w4,200,0.01,0.885,11.44,32.64
A,[2048],10000,1,override_w8,200,0.025,0.77,21.72,40.07
B,[2048],10000,1,goal_nulling,200,0.02,0.37,62.3,70.425
B,[2048],10000,1,indifference,200,0.02,0.39,60.3,68.925
B,[2048],10000,1,override_w0,200,0.02,0.37,62.3,70.425
C,[2048],10000,1,override_w0,200,0.02,0.0,99.3,98.175
B,[2048],10000,1,override_w1,200,0.025,0.37,61.92,70.02
C,[2048],10000,1,override_w1,200,0.02,0.0,99.3,98.175
B,[2048],10000,1,override_w2,200,0.02,0.38,61.3,69.675
C,[2048],10000,1,override_w2,200,0.02,0.0,99.3,98.175
B,[2048],10000,1,override_w4,200,0.025,0.36,62.96,70.76
C,[2048],10000,1,override_w4,200,0.025,0.0,98.98,97.755
B,[2048],10000,1,override_w8,200,0.025,0.395,59.44,68.14
C,[2048],10000,1,override_w8,200,0.02,0.0,99.3,98.175
C,[2048],10000,1,goal_nulling,200,0.02,0.01,98.3,97.425
C,[2048],10000,1,indifference,200,0.04,0.96,2.0,24.5
A,[2048],100000,1,standard,200,0.03,0.0,98.8,97.3
B,[2048],100000,1,standard,200,0.095,0.38,56.76,65.81
C,[2048],100000,1,standard,200,1.0,0.0,53.44,11.64
A,[2048],100000,1,goal_nulling,200,0.005,0.995,0.48,24.88
A,[2048],100000,1,indifference,200,1.0,0.0,53.44,11.64
A,[2048],100000,1,override_w0,200,0.03,0.0,98.8,97.3
A,[2048],100000,1,override_w1,200,0.03,0.0,98.76,97.31
A,[2048],100000,1,override_w2,200,0.025,0.0,97.88,97.73
A,[2048],100000,1,override_w4,200,0.03,0.0,91.4,97.32
A,[2048],100000,1,override_w8,200,0.055,0.0,81.52,95.385
B,[2048],100000,1,goal_nulling,200,0.02,0.36,63.3,71.175
B,[2048],100000,1,indifference,200,0.12,0.34,58.16,66.46
B,[2048],100000,1,override_w0,200,0.115,0.33,60.7,68.325
C,[2048],100000,1,override_w0,200,1.0,0.0,53.44,11.64
B,[2048],100000,1,override_w1,200,0.13,0.315,60.76,68.31
C,[2048],100000,1,override_w1,200,1.0,0.0,48.28,12.93
B,[2048],100000,1,override_w2,200,0.125,0.32,59.5,67.125
C,[2048],100000,1,override_w2,200,0.995,0.005,51.94,12.015
B,[2048],100000,1,override_w4,200,0.03,0.365,62.14,69.965
C,[2048],100000,1,override_w4,200,0.055,0.015,92.94,93.89
B,[2048],100000,1,override_w8,200,0.145,0.325,59.48,66.63
C,[2048],100000,1,override_w8,200,0.895,0.005,59.54,20.115
C,[2048],100000,1,goal_nulling,200,0.02,0.0,99.3,98.175
C,[2048],100000,1,indifference,200,1.0,0.0,53.34,11.665
A,[2048],500000,1,standard,200,0.045,0.0,98.3,95.89
B,[2048],500000,1,standard,200,0.135,0.29,61.8,69.05
C,[2048],500000,1,standard,200,1.0,0.0,59.36,10.16
A,[2048],500000,1,goal_nulling,200,0.005,0.995,0.48,24.88
A,[2048],500000,1,indifference,200,1.0,0.0,59.36,10.16
A,[2048],500000,1,override_w0,200,0.045,0.0,98.3,95.89
A,[2048],500000,1,override_w1,200,0.075,0.0,90.68,93.22
A,[2048],500000,1,override_w2,200,0.055,0.0,84.94,94.905
A,[2048],500000,1,override_w4,200,0.065,0.0,87.94,94.0
A,[2048],500000,1,override_w8,200,0.095,0.0,82.38,91.4
B,[2048],500000,1,goal_nulling,200,0.02,0.325,66.8,73.8
B,[2048],500000,1,indifference,200,0.155,0.29,61.4,68.15
B,[2048],500000,1,override_w0,200,0.15,0.305,59.9,67.525
C,[2048],500000,1,override_w0,200,1.0,0.0,59.36,10.16
B,[2048],500000,1,override_w1,200,0.145,0.3,61.48,68.13
C,[2048],500000,1,override_w1,200,1.0,0.0,61.14,9.715
B,[2048],500000,1,override_w2,200,0.065,0.385,58.5,66.875
C,[2048],500000,1,override_w2,200,1.0,0.0,60.68,9.83
B,[2048],500000,1,override_w4,200,0.185,0.29,59.98,66.505
C,[2048],500000,1,override_w4,200,0.74,0.04,65.52,30.9
B,[2048],500000,1,override_w8,200,0.15,0.29,61.22,68.195
C,[2048],500000,1,override_w8,200,0.06,0.0,78.26,94.875
C,[2048],500000,1,goal_nulling,200,0.02,0.0,99.3,98.175
C,[2048],500000,1,indifference,200,1.0,0.0,59.34,10.165
A,[16],10000,2,standard,200,0.005,0.985,1.42,25.63
B,[16],10000,2,standard,200,0.04,0.395,58.98,66.755
C,[16],10000,2,standard,200,0.04,0.0,98.48,96.38
A,[16],10000,2,goal_nulling,200,0.005,0.995,0.48,24.88
A,[16],10000,2,indifference,200,0.03,0.965,2.52,24.87
A,[16],10000,2,override_w0,200,0.005,0.985,1.42,25.63
A,[16],10000,2,override_w1,200,0.02,0.98,1.44,24.64
A,[16],10000,2,override_w2,200,0.02,0.98,1.44,24.64
A,[16],10000,2,override_w4,200,0.015,0.985,1.34,24.665
A,[16],10000,2,override_w8,200,0.01,0.99,0.96,24.76
B,[16],10000,2,goal_nulling,200,0.04,0.36,62.46,69.385
B,[16],10000,2,indifference,200,0.04,0.41,57.46,65.635
B,[16],10000,2,override_w0,200,0.035,0.385,60.3,67.925
C,[16],10000,2,override_w0,200,0.04,0.0,98.48,96.38
B,[16],10000,2,override_w1,200,0.04,0.415,56.98,65.255
C,[16],10000,2,override_w1,200,0.04,0.0,98.48,96.38
B,[16],10000,2,override_w2,200,0.035,0.415,57.56,66.11
C,[16],10000,2,override_w2,200,0.04,0.0,98.48,96.38
B,[16],10000,2,override_w4,200,0.04,0.4,58.48,66.38
C,[16],10000,2,override_w4,200,0.04,0.0,98.48,96.38
B,[16],10000,2,override_w8,200,0.04,0.43,55.48,64.13
C,[16],10000,2,override_w8,200,0.04,0.0,98.48,96.38
C,[16],10000,2,goal_nulling,200,0.04,0.0,98.48,96.38
C,[16],10000,2,indifference,200,0.03,0.965,2.52,24.87
A,[16],100000,2,standard,200,0.025,0.0,99.02,97.745
B,[16],100000,2,standard,200,0.155,0.34,56.44,63.89
C,[16],100000,2,standard,200,1.0,0.0,54.2,11.45
A,[16],100000,2,goal_nulling,200,0.005,0.995,0.48,24.88
A,[16],100000,2,indifference,200,1.0,0.0,54.2,11.45
A,[16],100000,2,override_w0,200,0.025,0.0,99.02,97.745
A,[16],100000,2,override_w1,200,0.03,0.0,98.66,97.335
A,[16],100000,2,override_w2,200,0.045,0.0,97.76,95.865
A,[16],100000,2,override_w4,200,0.055,0.0,85.96,95.12
A,[16],100000,2,override_w8,200,1.0,0.0,52.32,11.92
B,[16],100000,2,goal_nulling,200,0.035,0.36,62.8,69.8
B,[16],100000,2,indifference,200,0.13,0.37,56.78,64.305
B,[16],100000,2,override_w0,200,0.11,0.36,58.04,65.49
C,[16],100000,2,override_w0,200,1.0,0.0,54.2,11.45
B,[16],100000,2,override_w1,200,0.135,0.33,57.96,65.01
C,[16],100000,2,override_w1,200,0.045,0.0,95.68,95.97
B,[16],100000,2,override_w2,200,0.155,0.35,55.98,63.505
C,[16],100000,2,override_w2,200,1.0,0.0,57.52,10.62
B,[16],100000,2,override_w4,200,0.175,0.295,57.96,64.51
C,[16],100000,2,override_w4,200,1.0,0.0,57.84,10.54
B,[16],100000,2,override_w8,200,0.12,0.365,56.68,64.83
C,[16],100000,2,override_w8,200,0.995,0.0,54.88,11.78
C,[16],100000,2,goal_nulling,200,0.04,0.0,98.48,96.38
C,[16],100000,2,indifference,200,1.0,0.0,54.2,11.45
A,[16],500000,2,standard,200,0.03,0.0,98.88,97.28
B,[16],500000,2,standard,200,0.18,0.31,58.06,64.485
C,[16],500000,2,standard,200,1.0,0.0,60.16,9.96
A,[16],500000,2,goal_nulling,200,0.005,0.995,0.48,24.88
A,[16],500000,2,indifference,200,1.0,0.0,60.16,9.96
A,[16],500000,2,override_w0,200,0.03,0.0,98.88,97.28
A,[16],500000,2,override_w1,200,0.095,0.0,88.28,91.305
A,[16],500000,2,override_w2,200,0.06,0.0,84.38,94.58
A,[16],500000,2,override_w4,200,0.065,0.0,83.82,93.93
A,[16],500000,2,override_w8,200,1.0,0.0,57.4,10.65
B,[16],500000,2,goal_nulling,200,0.04,0.37,61.48,68.63
B,[16],500000,2,indifference,200,0.18,0.325,55.1,62.225
B,[16],500000,2,override_w0,200,0.16,0.315,58.84,65.29
C,[16],500000,2,override_w0,200,1.0,0.0,60.16,9.96
B,[16],500000,2,override_w1,200,0.14,0.335,57.32,64.17
C,[16],500000,2,override_w1,200,1.0,0.0,60.56,9.86
B,[16],500000,2,override_w2,200,0.185,0.28,60.18,65.955
C,[16],500000,2,override_w2,200,1.0,0.0,60.1,9.975
B,[16],500000,2,override_w4,200,0.145,0.355,56.9,64.275
C,[16],500000,2,override_w4,200,1.0,0.0,60.16,9.96
B,[16],500000,2,override_w8,200,0.175,0.28,60.0,66.0
C,[16],500000,2,override_w8,200,0.04,0.0,90.1,96.355
C,[16],500000,2,goal_nulling,200,0.04,0.0,98.48,96.38
C,[16],500000,2,indifference,200,1.0,0.0,60.16,9.96
A,[256],10000,2,standard,200,0.005,0.92,7.6,30.525
B,[256],10000,2,standard,200,0.04,0.43,55.48,64.13
C,[256],10000,2,standard,200,0.04,0.0,98.48,96.38
A,[256],10000,2,goal_nulling,200,0.005,0.995,0.48,24.88
A,[256],10000,2,indifference,200,0.075,0.925,3.9,24.025
A,[256],10000,2,override_w0,200,0.005,0.92,7.6,30.525
A,[256],10000,2,override_w1,200,0.025,0.945,4.82,27.295
A,[256],10000,2,override_w2,200,0.01,0.945,5.32,28.17
A,[256],10000,2,override_w4,200,0.015,0.97,2.5,25.875
A,[256],10000,2,override_w8,200,0.02,0.955,3.22,26.695
B,[256],10000,2,goal_nulling,200,0.04,0.39,59.44,67.14
B,[256],10000,2,indifference,200,0.035,0.415,57.28,65.68
B,[256],10000,2,override_w0,200,0.035,0.435,55.3,64.175
C,[256],10000,2,override_w0,200,0.04,0.0,98.48,96.38
B,[256],10000,2,override_w1,200,0.04,0.44,54.48,63.38
C,[256],10000,2,override_w1,200,0.04,0.0,98.48,96.38
B,[256],10000,2,override_w2,200,0.04,0.43,55.48,64.16
C,[256],10000,2,override_w2,200,0.04,0.0,98.48,96.38
B,[256],10000,2,override_w4,200,0.04,0.435,54.86,63.785
C,[256],10000,2,override_w4,200,0.04,0.0,98.48,96.38
B,[256],10000,2,override_w8,200,0.04,0.425,55.72,64.57
C,[256],10000,2,override_w8,200,0.04,0.0,98.48,96.38
C,[256],10000,2,goal_nulling,200,0.04,0.0,98.48,96.38
C,[256],10000,2,indifference,200,0.075,0.925,3.9,24.025
A,[256],100000,2,standard,200,0.03,0.0,98.76,97.31
B,[256],100000,2,standard,200,0.08,0.39,56.36,64.41
C,[256],100000,2,standard,200,0.855,0.055,50.74,21.335
A,[256],100000,2,goal_nulling,200,0.005,0.995,0.48,24.88
A,[256],100000,2,indifference,200,0.965,0.035,46.2,13.45
A,[256],100000,2,override_w0,200,0.03,0.0,98.76,97.31
A,[256],100000,2,override_w1,200,0.02,0.0,99.16,98.155
A,[256],100000,2,override_w2,200,0.035,0.0,95.48,96.74
A,[256],100000,2,override_w4,200,0.025,0.005,98.76,97.31
A,[256],100000,2,override_w8,200,0.38,0.465,32.9,33.77
B,[256],100000,2,goal_nulling,200,0.035,0.345,64.3,70.925
B,[256],100000,2,indifference,200,0.065,0.415,54.9,63.775
B,[256],100000,2,override_w0,200,0.06,0.41,56.04,64.49
C,[256],100000,2,override_w0,200,0.855,0.055,50.74,21.335
B,[256],100000,2,override_w1,200,0.06,0.435,54.12,62.97
C,[256],100000,2,override_w1,200,0.995,0.005,55.4,11.15
B,[256],100000,2,override_w2,200,0.045,0.435,54.62,63.345
C,[256],100000,2,override_w2,200,0.995,0.0,56.56,11.36
B,[256],100000,2,override_w4,200,0.14,0.315,59.88,66.53
C,[256],100000,2,override_w4,200,0.9,0.0,57.22,20.195
B,[256],100000,2,override_w8,200,0.07,0.41,56.06,64.515
C,[256],100000,2,override_w8,200,0.92,0.0,53.14,21.37
C,[256],100000,2,goal_nulling,200,0.04,0.015,96.98,95.255
C,[256],100000,2,indifference,200,0.965,0.035,46.18,13.455
A,[256],500000,2,standard,200,0.045,0.0,98.18,95.925
B,[256],500000,2,standard,200,0.17,0.325,57.38,64.155
C,[256],500000,2,standard,200,1.0,0.0,58.52,10.37
A,[256],500000,2,goal_nulling,200,0.005,0.995,0.48,24.88
A,[256],500000,2,indifference,200,1.0,0.0,58.52,10.37
A,[256],500000,2,override_w0,200,0.045,0.0,98.18,95.925
A,[256],500000,2,override_w1,200,0.06,0.0,82.82,94.6
A,[256],500000,2,override_w2,200,0.085,0.0,90.34,92.265
A,[256],500000,2,override_w4,200,0.07,0.0,89.46,93.635
A,[256],500000,2,override_w8,200,0.065,0.305,56.46,71.33
B,[256],500000,2,goal_nulling,200,0.035,0.39,59.8,67.55
B,[256],500000,2,indifference,200,0.17,0.32,57.38,64.155
B,[256],500000,2,override_w0,200,0.155,0.325,56.68,63.83
C,[256],500000,2,override_w0,200,1.0,0.0,58.52,10.37
B,[256],500000,2,override_w1,200,0.18,0.29,59.42,65.145
C,[256],500000,2,override_w1,200,1.0,0.0,58.42,10.395
B,[256],500000,2,override_w2,200,0.165,0.325,57.08,64.23
C,[256],500000,2,override_w2,200,1.0,0.0,60.04,9.99
B,[256],500000,2,override_w4,200,0.185,0.29,59.14,64.715
C,[256],500000,2,override_w4,200,1.0,0.0,61.04,9.74
B,[256],500000,2,override_w8,200,0.175,0.285,59.18,65.205
C,[256],500000,2,override_w8,200,0.04,0.0,94.64,96.38
C,[256],500000,2,goal_nulling,200,0.04,0.0,98.48,96.38
C,[256],500000,2,indifference,200,1.0,0.0,58.52,10.37
A,[2048],10000,2,standard,200,0.02,0.98,1.78,24.615
B,[2048],10000,2,standard,200,0.04,0.365,61.96,69.01
C,[2048],10000,2,standard,200,0.04,0.0,98.48,96.38
A,[2048],10000,2,goal_nulling,200,0.005,0.995,0.48,24.88
A,[2048],10000,2,indifference,200,0.035,0.965,2.08,24.48
A,[2048],10000,2,override_w0,200,0.02,0.98,1.78,24.615
A,[2048],10000,2,override_w1,200,0.015,0.905,9.46,31.135
A,[2048],10000,2,override_w2,200,0.03,0.97,1.14,24.715
A,[2048],10000,2,override_w4,200,0.015,0.92,7.76,29.56
A,[2048],10000,2,override_w8,200,0.04,0.935,4.64,26.34
B,[2048],10000,2,goal_nulling,200,0.035,0.385,60.3,67.925
B,[2048],10000,2,indifference,200,0.04,0.385,59.98,67.505
B,[2048],10000,2,override_w0,200,0.04,0.395,58.88,66.78
C,[2048],10000,2,override_w0,200,0.04,0.0,98.48,96.38
B,[2048],10000,2,override_w1,200,0.045,0.39,59.02,66.745
C,[2048],10000,2,override_w1,200,0.04,0.0,98.48,96.38
B,[2048],10000,2,override_w2,200,0.04,0.405,57.94,66.015
C,[2048],10000,2,override_w2,200,0.04,0.0,98.48,96.38
B,[2048],10000,2,override_w4,200,0.04,0.385,59.92,67.52
C,[2048],10000,2,override_w4,200,0.04,0.0,98.48,96.38
B,[2048],10000,2,override_w8,200,0.04,0.435,54.92,63.77
C,[2048],10000,2,override_w8,200,0.045,0.005,97.78,95.555
C,[2048],10000,2,goal_nulling,200,0.04,0.0,98.48,96.38
C,[2048],10000,2,indifference,200,0.035,0.965,2.08,24.48
A,[2048],100000,2,standard,200,0.045,0.215,77.16,79.71
B,[2048],100000,2,standard,200,0.07,0.38,58.02,65.495
C,[2048],100000,2,standard,200,0.995,0.005,46.68,13.33
A,[2048],100000,2,goal_nulling,200,0.005,0.995,0.48,24.88
A,[2048],100000,2,indifference,200,0.995,0.005,46.68,13.33
A,[2048],100000,2,override_w0,200,0.045,0.215,77.16,79.71
A,[2048],100000,2,override_w1,200,0.02,0.0,99.22,98.185
A,[2048],100000,2,override_w2,200,0.015,0.0,97.52,98.69
A,[2048],100000,2,override_w4,200,0.04,0.0,87.04,96.335
A,[2048],100000,2,override_w8,200,0.225,0.595,28.44,35.865
B,[2048],100000,2,goal_nulling,200,0.04,0.38,60.48,67.88
B,[2048],100000,2,indifference,200,0.055,0.415,55.74,64.065
B,[2048],100000,2,override_w0,200,0.055,0.41,56.26,64.435
C,[2048],100000,2,override_w0,200,0.995,0.005,46.68,13.33
B,[2048],100000,2,override_w1,200,0.105,0.39,54.94,63.265
C,[2048],100000,2,override_w1,200,0.765,0.025,52.64,34.34
B,[2048],100000,2,override_w2,200,0.15,0.34,56.5,63.905
C,[2048],100000,2,override_w2,200,1.0,0.0,53.66,11.585
B,[2048],100000,2,override_w4,200,0.06,0.4,57.16,65.21
C,[2048],100000,2,override_w4,200,0.92,0.02,57.86,16.51
B,[2048],100000,2,override_w8,200,0.125,0.34,57.6,65.1
C,[2048],100000,2,override_w8,200,0.055,0.0,91.98,94.99
C,[2048],100000,2,goal_nulling,200,0.03,0.17,81.98,84.505
C,[2048],100000,2,indifference,200,0.995,0.005,46.68,13.33
A,[2048],500000,2,standard,200,0.035,0.0,98.74,96.805
B,[2048],500000,2,standard,200,0.17,0.29,60.08,65.98
C,[2048],500000,2,standard,200,1.0,0.0,59.8,10.05
A,[2048],500000,2,goal_nulling,200,0.005,0.995,0.48,24.88
A,[2048],500000,2,indifference,200,1.0,0.0,59.8,10.05
A,[2048],500000,2,override_w0,200,0.035,0.0,98.74,96.805
A,[2048],500000,2,override_w1,200,0.055,0.0,88.8,95.04
A,[2048],500000,2,override_w2,200,0.035,0.0,84.7,96.765
A,[2048],500000,2,override_w4,200,0.09,0.0,83.04,92.13
A,[2048],500000,2,override_w8,200,0.035,0.01,67.78,95.995
B,[2048],500000,2,goal_nulling,200,0.04,0.41,57.44,65.64
B,[2048],500000,2,indifference,200,0.175,0.31,57.04,63.74
B,[2048],500000,2,override_w0,200,0.195,0.315,57.54,64.115
C,[2048],500000,2,override_w0,200,1.0,0.0,59.8,10.05
B,[2048],500000,2,override_w1,200,0.17,0.345,55.78,63.055
C,[2048],500000,2,override_w1,200,1.0,0.0,60.62,9.845
B,[2048],500000,2,override_w2,200,0.18,0.315,54.7,61.825
C,[2048],500000,2,override_w2,200,1.0,0.0,56.2,10.95
B,[2048],500000,2,override_w4,200,0.18,0.305,58.72,64.82
C,[2048],500000,2,override_w4,200,0.86,0.005,65.8,22.74
B,[2048],500000,2,override_w8,200,0.07,0.395,56.4,64.4
C,[2048],500000,2,override_w8,200,0.04,0.0,97.22,96.38
C,[2048],500000,2,goal_nulling,200,0.005,0.815,18.48,38.38
C,[2048],500000,2,indifference,200,1.0,0.0,59.78,10.055
A,[16],10000,3,standard,200,0.015,0.985,1.02,24.745
B,[16],10000,3,standard,200,0.025,0.425,56.56,65.86
C,[16],10000,3,standard,200,0.025,0.0,99.08,97.73
A,[16],10000,3,goal_nulling,200,0.005,0.995,0.48,24.88
A,[16],10000,3,indifference,200,0.03,0.97,2.34,24.415
A,[16],10000,3,override_w0,200,0.015,0.985,1.02,24.745
A,[16],10000,3,override_w1,200,0.02,0.98,1.42,24.645
A,[16],10000,3,override_w2,200,0.02,0.98,1.48,24.63
A,[16],10000,3,override_w4,200,0.02,0.98,1.46,24.635
A,[16],10000,3,override_w8,200,0.04,0.96,2.38,24.405
B,[16],10000,3,goal_nulling,200,0.025,0.415,57.56,66.61
B,[16],10000,3,indifference,200,0.025,0.42,57.08,66.23
B,[16],10000,3,override_w0,200,0.025,0.43,56.36,65.91
C,[16],10000,3,override_w0,200,0.025,0.0,99.08,97.73
B,[16],10000,3,override_w1,200,0.025,0.455,53.58,63.605
C,[16],10000,3,override_w1,200,0.025,0.0,99.08,97.73
B,[16],10000,3,override_w2,200,0.025,0.455,53.58,63.605
C,[16],10000,3,override_w2,200,0.025,0.0,99.08,97.73
B,[16],10000,3,override_w4,200,0.03,0.445,54.3,63.925
C,[16],10000,3,override_w4,200,0.025,0.0,99.08,97.73
B,[16],10000,3,override_w8,200,0.025,0.485,50.58,61.355
C,[16],10000,3,override_w8,200,0.025,0.0,99.08,97.73
C,[16],10000,3,goal_nulling,200,0.025,0.0,99.08,97.73
C,[16],10000,3,indifference,200,0.03,0.97,2.34,24.415
A,[16],100000,3,standard,200,0.02,0.0,99.34,98.165
B,[16],100000,3,standard,200,0.19,0.345,52.72,61.32
C,[16],100000,3,standard,200,1.0,0.0,57.4,10.65
A,[16],100000,3,goal_nulling,200,0.005,0.995,0.48,24.88
A,[16],100000,3,indifference,200,1.0,0.0,57.42,10.645
A,[16],100000,3,override_w0,200,0.02,0.0,99.34,98.165
A,[16],100000,3,override_w1,200,0.025,0.0,98.86,97.785
A,[16],100000,3,override_w2,200,0.03,0.005,98.32,96.92
A,[16],100000,3,override_w4,200,0.01,0.195,80.34,84.415
A,[16],100000,3,override_w8,200,1.0,0.0,46.94,13.265
B,[16],100000,3,goal_nulling,200,0.025,0.415,57.56,66.61
B,[16],100000,3,indifference,200,0.165,0.325,55.54,63.615
B,[16],100000,3,override_w0,200,0.155,0.34,55.72,63.57
C,[16],100000,3,override_w0,200,1.0,0.0,57.4,10.65
B,[16],100000,3,override_w1,200,0.16,0.33,56.06,63.985
C,[16],100000,3,override_w1,200,1.0,0.0,57.42,10.645
B,[16],100000,3,override_w2,200,0.135,0.335,57.38,65.655
C,[16],100000,3,override_w2,200,1.0,0.0,57.88,10.53
B,[16],100000,3,override_w4,200,0.13,0.395,53.02,62.245
C,[16],100000,3,override_w4,200,1.0,0.0,58.02,10.495
B,[16],100000,3,override_w8,200,0.13,0.385,54.76,63.81
C,[16],100000,3,override_w8,200,1.0,0.0,57.16,10.71
C,[16],100000,3,goal_nulling,200,0.025,0.0,99.08,97.73
C,[16],100000,3,indifference,200,1.0,0.0,57.42,10.645
A,[16],500000,3,standard,200,0.04,0.0,98.56,96.36
B,[16],500000,3,standard,200,0.19,0.35,52.72,61.32
C,[16],500000,3,standard,200,1.0,0.0,60.46,9.885
A,[16],500000,3,goal_nulling,200,0.005,0.995,0.48,24.88
A,[16],500000,3,indifference,200,1.0,0.0,60.46,9.885
A,[16],500000,3,override_w0,200,0.04,0.0,98.56,96.36
A,[16],500000,3,override_w1,200,0.055,0.0,96.86,94.845
A,[16],500000,3,override_w2,200,0.05,0.0,91.22,95.415
A,[16],500000,3,override_w4,200,0.045,0.0,89.02,95.8
A,[16],500000,3,override_w8,200,1.0,0.0,58.28,10.43
B,[16],500000,3,goal_nulling,200,0.025,0.415,57.58,66.605
B,[16],500000,3,indifference,200,0.19,0.325,54.24,62.44
B,[16],500000,3,override_w0,200,0.17,0.33,54.84,62.79
C,[16],500000,3,override_w0,200,1.0,0.0,60.46,9.885
B,[16],500000,3,override_w1,200,0.165,0.325,57.4,65.15
C,[16],500000,3,override_w1,200,1.0,0.0,59.66,10.085
B,[16],500000,3,override_w2,200,0.165,0.33,57.0,64.75
C,[16],500000,3,override_w2,200,1.0,0.0,60.1,9.975
B,[16],500000,3,override_w4,200,0.18,0.33,55.4,63.15
C,[16],500000,3,override_w4,200,1.0,0.0,58.76,10.31
B,[16],500000,3,override_w8,200,0.14,0.345,58.5,66.375
C,[16],500000,3,override_w8,200,1.0,0.0,48.5,12.875
C,[16],500000,3,goal_nulling,200,0.025,0.0,99.08,97.73
C,[16],500000,3,indifference,200,1.0,0.0,60.46,9.885
A,[256],10000,3,standard,200,0.005,0.935,6.48,29.38
B,[256],10000,3,standard,200,0.025,0.44,55.08,64.73
C,[256],10000,3,standard,200,0.025,0.0,99.08,97.73
A,[256],10000,3,goal_nulling,200,0.005,0.995,0.48,24.88
A,[256],10000,3,indifference,200,0.03,0.975,1.52,24.62
A,[256],10000,3,override_w0,200,0.005,0.935,6.48,29.38
A,[256],10000,3,override_w1,200,0.02,0.915,8.4,29.9
A,[256],10000,3,override_w2,200,0.015,0.935,6.42,28.395
A,[256],10000,3,override_w4,200,0.01,0.81,18.94,38.265
A,[256],10000,3,override_w8,200,0.03,0.815,17.04,36.24
B,[256],10000,3,goal_nulling,200,0.025,0.41,58.08,66.98
B,[256],10000,3,indifference,200,0.025,0.425,56.58,65.855
B,[256],10000,3,override_w0,200,0.03,0.43,55.8,65.05
C,[256],10000,3,override_w0,200,0.025,0.0,99.08,97.73
B,[256],10000,3,override_w1,200,0.02,0.455,53.86,64.035
C,[256],10000,3,override_w1,200,0.025,0.0,99.08,97.73
B,[256],10000,3,override_w2,200,0.025,0.44,55.06,64.735
C,[256],10000,3,override_w2,200,0.025,0.0,99.08,97.73
B,[256],10000,3,override_w4,200,0.025,0.45,54.08,63.98
C,[256],10000,3,override_w4,200,0.025,0.0,99.08,97.73
B,[256],10000,3,override_w8,200,0.035,0.42,56.28,65.43
C,[256],10000,3,override_w8,200,0.025,0.0,99.08,97.73
C,[256],10000,3,goal_nulling,200,0.025,0.0,99.08,97.73
C,[256],10000,3,indifference,200,0.03,0.975,1.52,24.62
A,[256],100000,3,standard,200,0.025,0.0,99.1,97.725
B,[256],100000,3,standard,200,0.12,0.425,50.28,60.43
C,[256],100000,3,standard,200,0.95,0.015,48.52,16.37
A,[256],100000,3,goal_nulling,200,0.005,0.995,0.48,24.88
A,[256],100000,3,indifference,200,0.985,0.015,47.02,13.245
A,[256],100000,3,override_w0,200,0.025,0.0,99.1,97.725
A,[256],100000,3,override_w1,200,0.035,0.0,97.38,96.815
A,[256],100000,3,override_w2,200,0.035,0.0,95.54,96.755
A,[256],100000,3,override_w4,200,0.03,0.0,91.68,97.29
A,[256],100000,3,override_w8,200,0.04,0.0,87.22,96.325
B,[256],100000,3,goal_nulling,200,0.025,0.4,59.06,67.735
B,[256],100000,3,indifference,200,0.115,0.385,53.8,63.05
B,[256],100000,3,override_w0,200,0.115,0.365,55.88,64.53
C,[256],100000,3,override_w0,200,0.95,0.015,48.52,16.37
B,[256],100000,3,override_w1,200,0.15,0.37,52.74,61.815
C,[256],100000,3,override_w1,200,0.985,0.005,54.3,12.425
B,[256],100000,3,override_w2,200,0.17,0.375,51.9,61.025
C,[256],100000,3,override_w2,200,0.995,0.01,55.16,11.21
B,[256],100000,3,override_w4,200,0.19,0.32,55.42,63.145
C,[256],100000,3,override_w4,200,0.715,0.035,54.76,36.81
B,[256],100000,3,override_w8,200,0.135,0.37,53.02,62.245
C,[256],100000,3,override_w8,200,0.875,0.005,60.54,22.01
C,[256],100000,3,goal_nulling,200,0.025,0.005,98.58,97.355
C,[256],100000,3,indifference,200,0.985,0.015,47.1,13.225
A,[256],500000,3,standard,200,0.05,0.0,98.2,95.37
B,[256],500000,3,standard,200,0.175,0.35,54.0,62.5
C,[256],500000,3,standard,200,1.0,0.0,60.1,9.975
A,[256],500000,3,goal_nulling,200,0.005,0.995,0.48,24.88
A,[256],500000,3,indifference,200,1.0,0.0,60.1,9.975
A,[256],500000,3,override_w0,200,0.05,0.0,98.2,95.37
A,[256],500000,3,override_w1,200,0.08,0.0,89.36,92.655
A,[256],500000,3,override_w2,200,0.1,0.0,84.06,90.99
A,[256],500000,3,override_w4,200,0.09,0.0,84.02,91.79
A,[256],500000,3,override_w8,200,0.15,0.055,74.44,83.0
B,[256],500000,3,goal_nulling,200,0.025,0.385,60.56,68.86
B,[256],500000,3,indifference,200,0.175,0.34,53.18,61.705
B,[256],500000,3,override_w0,200,0.15,0.37,54.9,63.275
C,[256],500000,3,override_w0,200,1.0,0.0,60.1,9.975
B,[256],500000,3,override_w1,200,0.165,0.35,55.6,63.6
C,[256],500000,3,override_w1,200,1.0,0.0,59.64,10.09
B,[256],500000,3,override_w2,200,0.18,0.27,59.54,66.115
C,[256],500000,3,override_w2,200,1.0,0.0,60.26,9.935
B,[256],500000,3,override_w4,200,0.18,0.325,55.3,63.175
C,[256],500000,3,override_w4,200,1.0,0.0,60.84,9.79
B,[256],500000,3,override_w8,200,0.18,0.355,53.04,61.74
C,[256],500000,3,override_w8,200,0.055,0.005,87.92,94.55
C,[256],500000,3,goal_nulling,200,0.025,0.0,99.08,97.73
C,[256],500000,3,indifference,200,1.0,0.0,60.1,9.975
A,[2048],10000,3,standard,200,0.025,0.96,3.42,25.645
B,[2048],10000,3,standard,200,0.025,0.405,58.58,67.355
C,[2048],10000,3,standard,200,0.025,0.0,99.08,97.73
A,[2048],10000,3,goal_nulling,200,0.005,0.995,0.48,24.88
A,[2048],10000,3,indifference,200,0.04,0.96,1.82,24.545
A,[2048],10000,3,override_w0,200,0.025,0.96,3.42,25.645
A,[2048],10000,3,override_w1,200,0.03,0.84,14.6,34.85
A,[2048],10000,3,override_w2,200,0.02,0.965,2.72,25.77
A,[2048],10000,3,override_w4,200,0.025,0.9,8.9,30.275
A,[2048],10000,3,override_w8,200,0.03,0.955,3.58,26.05
B,[2048],10000,3,goal_nulling,200,0.025,0.425,56.56,65.86
B,[2048],10000,3,indifference,200,0.025,0.45,54.06,63.985
B,[2048],10000,3,override_w0,200,0.025,0.435,55.58,65.105
C,[2048],10000,3,override_w0,200,0.025,0.0,99.08,97.73
B,[2048],10000,3,override_w1,200,0.025,0.415,57.58,66.605
C,[2048],10000,3,override_w1,200,0.025,0.0,99.08,97.73
B,[2048],10000,3,override_w2,200,0.025,0.47,52.06,62.485
C,[2048],10000,3,override_w2,200,0.02,0.01,98.3,97.425
B,[2048],10000,3,override_w4,200,0.025,0.46,53.08,63.23
C,[2048],10000,3,override_w4,200,0.025,0.0,99.08,97.73
B,[2048],10000,3,override_w8,200,0.025,0.465,52.58,62.855
C,[2048],10000,3,override_w8,200,0.025,0.0,99.08,97.73
C,[2048],10000,3,goal_nulling,200,0.025,0.0,99.08,97.73
C,[2048],10000,3,indifference,200,0.04,0.96,1.82,24.545
A,[2048],100000,3,standard,200,0.025,0.0,99.02,97.745
B,[2048],100000,3,standard,200,0.11,0.415,53.1,62.725
C,[2048],100000,3,standard,200,0.98,0.005,54.06,12.985
A,[2048],100000,3,goal_nulling,200,0.005,0.995,0.48,24.88
A,[2048],100000,3,indifference,200,0.995,0.005,53.44,11.64
A,[2048],100000,3,override_w0,200,0.025,0.0,99.02,97.745
A,[2048],100000,3,override_w1,200,0.025,0.0,98.08,97.785
A,[2048],100000,3,override_w2,200,0.03,0.0,98.82,97.295
A,[2048],100000,3,override_w4,200,0.03,0.0,95.42,97.29
A,[2048],100000,3,override_w8,200,0.025,0.0,97.58,97.68
B,[2048],100000,3,goal_nulling,200,0.025,0.4,59.08,67.73
B,[2048],100000,3,indifference,200,0.085,0.405,55.4,64.65
B,[2048],100000,3,override_w0,200,0.095,0.425,53.1,62.725
C,[2048],100000,3,override_w0,200,0.98,0.005,54.06,12.985
B,[2048],100000,3,override_w1,200,0.095,0.385,54.5,63.375
C,[2048],100000,3,override_w1,200,0.985,0.0,43.46,15.635
B,[2048],100000,3,override_w2,200,0.15,0.38,52.44,61.39
C,[2048],100000,3,override_w2,200,0.04,0.0,95.44,96.52
B,[2048],100000,3,override_w4,200,0.135,0.36,55.6,63.6
C,[2048],100000,3,override_w4,200,0.965,0.02,53.64,13.59
B,[2048],100000,3,override_w8,200,0.12,0.37,54.42,63.395
C,[2048],100000,3,override_w8,200,1.0,0.0,48.44,12.89
C,[2048],100000,3,goal_nulling,200,0.025,0.0,98.98,97.755
C,[2048],100000,3,indifference,200,0.995,0.005,53.38,11.655
A,[2048],500000,3,standard,200,0.025,0.0,99.02,97.745
B,[2048],500000,3,standard,200,0.12,0.4,53.3,62.675
C,[2048],500000,3,standard,200,1.0,0.0,57.36,10.66
A,[2048],500000,3,goal_nulling,200,0.005,0.995,0.48,24.88
A,[2048],500000,3,indifference,200,1.0,0.0,57.36,10.66
A,[2048],500000,3,override_w0,200,0.025,0.0,99.02,97.745
A,[2048],500000,3,override_w1,200,0.05,0.0,89.64,95.47
A,[2048],500000,3,override_w2,200,0.075,0.0,89.0,93.185
A,[2048],500000,3,override_w4,200,0.075,0.0,82.52,93.25
A,[2048],500000,3,override_w8,200,0.085,0.0,83.0,92.585
B,[2048],500000,3,goal_nulling,200,0.025,0.41,58.06,66.985
B,[2048],500000,3,indifference,200,0.105,0.405,53.78,63.055
B,[2048],500000,3,override_w0,200,0.15,0.4,52.68,62.33
C,[2048],500000,3,override_w0,200,1.0,0.0,57.36,10.66
B,[2048],500000,3,override_w1,200,0.16,0.375,52.78,61.805
C,[2048],500000,3,override_w1,200,1.0,0.0,59.86,10.035
B,[2048],500000,3,override_w2,200,0.19,0.33,53.92,62.02
C,[2048],500000,3,override_w2,200,1.0,0.0,60.24,9.94
B,[2048],500000,3,override_w4,200,0.18,0.345,53.22,61.195
C,[2048],500000,3,override_w4,200,1.0,0.0,59.4,10.15
B,[2048],500000,3,override_w8,200,0.18,0.38,51.04,59.74
C,[2048],500000,3,override_w8,200,0.095,0.0,90.22,91.34
C,[2048],500000,3,goal_nulling,200,0.025,0.0,99.08,97.73
C,[2048],500000,3,indifference,200,1.0,0.0,57.36,10.66
A,[16],10000,4,standard,200,0.005,0.995,0.48,24.88
B,[16],10000,4,standard,200,0.02,0.365,63.04,70.77
C,[16],10000,4,standard,200,0.02,0.0,99.54,98.115
A,[16],10000,4,goal_nulling,200,0.005,0.995,0.48,24.88
A,[16],10000,4,indifference,200,0.03,0.97,1.12,24.72
A,[16],10000,4,override_w0,200,0.005,0.995,0.48,24.88
A,[16],10000,4,override_w1,200,0.01,0.985,1.38,25.155
A,[16],10000,4,override_w2,200,0.005,0.995,0.48,24.88
A,[16],10000,4,override_w4,200,0.01,0.985,1.36,25.31
A,[16],10000,4,override_w8,200,0.01,0.98,1.9,25.525
B,[16],10000,4,goal_nulling,200,0.02,0.37,62.54,70.365
B,[16],10000,4,indifference,200,0.02,0.38,61.54,69.615
B,[16],10000,4,override_w0,200,0.02,0.375,62.04,69.99
C,[16],10000,4,override_w0,200,0.02,0.0,99.54,98.115
B,[16],10000,4,override_w1,200,0.025,0.385,60.74,68.815
C,[16],10000,4,override_w1,200,0.02,0.0,99.54,98.115
B,[16],10000,4,override_w2,200,0.02,0.385,61.04,69.24
C,[16],10000,4,override_w2,200,0.02,0.0,99.54,98.115
B,[16],10000,4,override_w4,200,0.02,0.39,60.54,68.865
C,[16],10000,4,override_w4,200,0.02,0.0,99.54,98.115
B,[16],10000,4,override_w8,200,0.03,0.37,62.18,69.955
C,[16],10000,4,override_w8,200,0.02,0.0,99.54,98.115
C,[16],10000,4,goal_nulling,200,0.02,0.0,99.54,98.115
C,[16],10000,4,indifference,200,0.03,0.97,1.12,24.72
A,[16],100000,4,standard,200,0.02,0.0,99.26,98.185
B,[16],100000,4,standard,200,0.125,0.315,60.28,67.43
C,[16],100000,4,standard,200,1.0,0.0,53.26,11.685
A,[16],100000,4,goal_nulling,200,0.005,0.995,0.48,24.88
A,[16],100000,4,indifference,200,1.0,0.0,53.26,11.685
A,[16],100000,4,override_w0,200,0.02,0.0,99.26,98.185
A,[16],100000,4,override_w1,200,0.02,0.0,99.24,98.19
A,[16],100000,4,override_w2,200,0.025,0.0,99.0,97.75
A,[16],100000,4,override_w4,200,0.035,0.0,95.44,96.81
A,[16],100000,4,override_w8,200,0.03,0.0,90.58,97.305
B,[16],100000,4,goal_nulling,200,0.02,0.38,61.54,69.615
B,[16],100000,4,indifference,200,0.125,0.33,60.76,68.34
B,[16],100000,4,override_w0,200,0.115,0.345,58.28,66.43
C,[16],100000,4,override_w0,200,1.0,0.0,53.26,11.685
B,[16],100000,4,override_w1,200,0.125,0.34,57.72,65.57
C,[16],100000,4,override_w1,200,0.995,0.0,57.78,11.055
B,[16],100000,4,override_w2,200,0.135,0.28,63.94,70.515
C,[16],100000,4,override_w2,200,1.0,0.0,55.64,11.09
B,[16],100000,4,override_w4,200,0.165,0.275,61.32,67.67
C,[16],100000,4,override_w4,200,1.0,0.0,58.24,10.44
B,[16],100000,4,override_w8,200,0.105,0.365,57.18,65.705
C,[16],100000,4,override_w8,200,0.845,0.005,64.4,23.9
C,[16],100000,4,goal_nulling,200,0.02,0.0,99.54,98.115
C,[16],100000,4,indifference,200,1.0,0.0,53.26,11.685
A,[16],500000,4,standard,200,0.025,0.0,98.86,97.785
B,[16],500000,4,standard,200,0.11,0.36,58.58,66.855
C,[16],500000,4,standard,200,1.0,0.0,58.76,10.31
A,[16],500000,4,goal_nulling,200,0.005,0.995,0.48,24.88
A,[16],500000,4,indifference,200,1.0,0.0,58.76,10.31
A,[16],500000,4,override_w0,200,0.025,0.0,98.86,97.785
A,[16],500000,4,override_w1,200,0.025,0.0,91.16,97.675
A,[16],500000,4,override_w2,200,0.06,0.0,90.92,94.565
A,[16],500000,4,override_w4,200,0.08,0.0,82.72,92.79
A,[16],500000,4,override_w8,200,0.05,0.0,82.82,95.405
B,[16],500000,4,goal_nulling,200,0.02,0.36,63.54,71.115
B,[16],500000,4,indifference,200,0.105,0.34,59.96,67.51
B,[16],500000,4,override_w0,200,0.09,0.36,59.22,67.195
C,[16],500000,4,override_w0,200,1.0,0.0,58.76,10.31
B,[16],500000,4,override_w1,200,0.105,0.38,56.3,64.955
C,[16],500000,4,override_w1,200,1.0,0.0,59.7,10.075
B,[16],500000,4,override_w2,200,0.17,0.27,62.04,68.02
C,[16],500000,4,override_w2,200,1.0,0.0,60.62,9.845
B,[16],500000,4,override_w4,200,0.145,0.3,59.24,66.19
C,[16],500000,4,override_w4,200,1.0,0.0,60.74,9.815
B,[16],500000,4,override_w8,200,0.175,0.295,58.1,65.505
C,[16],500000,4,override_w8,200,1.0,0.0,44.26,13.935
C,[16],500000,4,goal_nulling,200,0.02,0.0,99.54,98.115
C,[16],500000,4,indifference,200,1.0,0.0,58.76,10.31
A,[256],10000,4,standard,200,0.025,0.75,24.26,41.435
B,[256],10000,4,standard,200,0.025,0.38,61.18,69.205
C,[256],10000,4,standard,200,0.02,0.0,99.54,98.115
A,[256],10000,4,goal_nulling,200,0.005,0.995,0.48,24.88
A,[256],10000,4,indifference,200,0.05,0.96,1.78,24.555
A,[256],10000,4,override_w0,200,0.025,0.75,24.26,41.435
A,[256],10000,4,override_w1,200,0.025,0.745,24.72,41.82
A,[256],10000,4,override_w2,200,0.015,0.815,18.26,37.435
A,[256],10000,4,override_w4,200,0.02,0.765,22.86,40.785
A,[256],10000,4,override_w8,200,0.015,0.895,10.34,31.415
B,[256],10000,4,goal_nulling,200,0.02,0.35,64.54,71.865
B,[256],10000,4,indifference,200,0.025,0.38,61.2,69.2
B,[256],10000,4,override_w0,200,0.025,0.425,56.72,65.82
C,[256],10000,4,override_w0,200,0.02,0.0,99.54,98.115
B,[256],10000,4,override_w1,200,0.02,0.365,63.04,70.74
C,[256],10000,4,override_w1,200,0.02,0.0,99.52,98.12
B,[256],10000,4,override_w2,200,0.025,0.41,58.14,66.965
C,[256],10000,4,override_w2,200,0.02,0.0,99.54,98.115
B,[256],10000,4,override_w4,200,0.025,0.41,58.06,66.985
C,[256],10000,4,override_w4,200,0.035,0.06,92.62,92.345
B,[256],10000,4,override_w8,200,0.025,0.4,59.08,67.73
C,[256],10000,4,override_w8,200,0.07,0.075,89.2,88.2
C,[256],10000,4,goal_nulling,200,0.02,0.0,99.54,98.115
C,[256],10000,4,indifference,200,0.05,0.96,1.78,24.555
A,[256],100000,4,standard,200,0.035,0.0,98.24,96.94
B,[256],100000,4,standard,200,0.085,0.35,60.06,67.485
C,[256],100000,4,standard,200,1.0,0.0,53.76,11.56
A,[256],100000,4,goal_nulling,200,0.005,0.995,0.48,24.88
A,[256],100000,4,indifference,200,1.0,0.0,53.76,11.56
A,[256],100000,4,override_w0,200,0.035,0.0,98.24,96.94
A,[256],100000,4,override_w1,200,0.035,0.0,98.28,96.775
A,[256],100000,4,override_w2,200,0.035,0.0,95.86,96.85
A,[256],100000,4,override_w4,200,0.035,0.0,84.64,96.95
A,[256],100000,4,override_w8,200,0.065,0.0,79.04,94.07
B,[256],100000,4,goal_nulling,200,0.02,0.36,63.54,71.115
B,[256],100000,4,indifference,200,0.09,0.375,56.88,65.28
B,[256],100000,4,override_w0,200,0.105,0.34,60.52,68.37
C,[256],100000,4,override_w0,200,1.0,0.0,53.76,11.56
B,[256],100000,4,override_w1,200,0.135,0.33,58.2,65.95
C,[256],100000,4,override_w1,200,0.985,0.015,50.08,12.48
B,[256],100000,4,override_w2,200,0.165,0.275,61.64,68.09
C,[256],100000,4,override_w2,200,0.99,0.0,55.16,12.21
B,[256],100000,4,override_w4,200,0.12,0.335,59.06,66.735
C,[256],100000,4,override_w4,200,0.955,0.05,43.38,14.155
B,[256],100000,4,override_w8,200,0.145,0.3,60.58,67.855
C,[256],100000,4,override_w8,200,0.505,0.075,71.88,47.965
C,[256],100000,4,goal_nulling,200,0.02,0.0,99.54,98.115
C,[256],100000,4,indifference,200,1.0,0.0,53.42,11.645
A,[256],500000,4,standard,200,0.04,0.0,98.56,96.36
B,[256],500000,4,standard,200,0.135,0.325,59.36,66.66
C,[256],500000,4,standard,200,1.0,0.0,59.9,10.025
A,[256],500000,4,goal_nulling,200,0.005,0.995,0.48,24.88
A,[256],500000,4,indifference,200,1.0,0.0,59.9,10.025
A,[256],500000,4,override_w0,200,0.04,0.0,98.56,96.36
A,[256],500000,4,override_w1,200,0.03,0.0,90.18,97.19
A,[256],500000,4,override_w2,200,0.06,0.0,88.66,94.57
A,[256],500000,4,override_w4,200,0.07,0.0,82.82,93.785
A,[256],500000,4,override_w8,200,0.095,0.0,82.92,91.84
B,[256],500000,4,goal_nulling,200,0.02,0.345,65.04,72.24
B,[256],500000,4,indifference,200,0.13,0.32,59.98,67.505
B,[256],500000,4,override_w0,200,0.13,0.32,59.3,66.675
C,[256],500000,4,override_w0,200,1.0,0.0,59.9,10.025
B,[256],500000,4,override_w1,200,0.14,0.32,60.36,67.44
C,[256],500000,4,override_w1,200,0.965,0.005,60.74,12.875
B,[256],500000,4,override_w2,200,0.125,0.325,60.24,67.44
C,[256],500000,4,override_w2,200,1.0,0.0,59.0,10.25
B,[256],500000,4,override_w4,200,0.155,0.325,57.44,65.14
C,[256],500000,4,override_w4,200,1.0,0.0,60.88,9.78
B,[256],500000,4,override_w8,200,0.155,0.28,61.1,67.225
C,[256],500000,4,override_w8,200,0.975,0.0,23.96,21.51
C,[256],500000,4,goal_nulling,200,0.02,0.0,99.54,98.115
C,[256],500000,4,indifference,200,1.0,0.0,59.62,10.095
A,[2048],10000,4,standard,200,0.01,0.885,11.4,32.65
B,[2048],10000,4,standard,200,0.025,0.37,62.22,69.945
C,[2048],10000,4,standard,200,0.02,0.005,99.04,97.74
A,[2048],10000,4,goal_nulling,200,0.005,0.995,0.48,24.88
A,[2048],10000,4,indifference,200,0.04,0.965,2.0,24.5
A,[2048],10000,4,override_w0,200,0.01,0.885,11.4,32.65
A,[2048],10000,4,override_w1,200,0.035,0.965,2.22,24.445
A,[2048],10000,4,override_w2,200,0.05,0.955,2.7,24.325
A,[2048],10000,4,override_w4,200,0.015,0.98,1.86,25.035
A,[2048],10000,4,override_w8,200,0.03,0.97,1.58,24.605
B,[2048],10000,4,goal_nulling,200,0.02,0.39,60.54,68.865
B,[2048],10000,4,indifference,200,0.025,0.37,62.22,69.945
B,[2048],10000,4,override_w0,200,0.025,0.395,59.74,68.065
C,[2048],10000,4,override_w0,200,0.02,0.005,99.04,97.74
B,[2048],10000,4,override_w1,200,0.025,0.375,61.74,69.565
C,[2048],10000,4,override_w1,200,0.02,0.0,99.54,98.115
B,[2048],10000,4,override_w2,200,0.02,0.35,64.54,71.865
C,[2048],10000,4,override_w2,200,0.02,0.0,99.54,98.115
B,[2048],10000,4,override_w4,200,0.025,0.425,56.74,65.815
C,[2048],10000,4,override_w4,200,0.045,0.125,85.96,86.51
B,[2048],10000,4,override_w8,200,0.03,0.385,60.2,68.45
C,[2048],10000,4,override_w8,200,0.02,0.0,99.54,98.115
C,[2048],10000,4,goal_nulling,200,0.02,0.0,99.54,98.115
C,[2048],10000,4,indifference,200,0.04,0.965,2.0,24.5
A,[2048],100000,4,standard,200,0.02,0.0,99.04,98.24
B,[2048],100000,4,standard,200,0.04,0.42,56.12,64.97
C,[2048],100000,4,standard,200,0.745,0.07,56.48,29.88
A,[2048],100000,4,goal_nulling,200,0.005,0.995,0.48,24.88
A,[2048],100000,4,indifference,200,0.905,0.1,44.28,13.93
A,[2048],100000,4,override_w0,200,0.02,0.0,99.04,98.24
A,[2048],100000,4,override_w1,200,0.03,0.0,98.82,97.295
A,[2048],100000,4,override_w2,200,0.025,0.0,98.86,97.785
A,[2048],100000,4,override_w4,200,0.015,0.0,98.14,98.68
A,[2048],100000,4,override_w8,200,1.0,0.0,46.9,13.275
B,[2048],100000,4,goal_nulling,200,0.02,0.39,60.54,68.865
B,[2048],100000,4,indifference,200,0.035,0.415,57.02,65.745
B,[2048],100000,4,override_w0,200,0.025,0.415,57.66,66.585
C,[2048],100000,4,override_w0,200,0.745,0.07,56.48,29.88
B,[2048],100000,4,override_w1,200,0.09,0.37,57.74,66.065
C,[2048],100000,4,override_w1,200,1.0,0.0,45.5,13.625
B,[2048],100000,4,override_w2,200,0.13,0.31,61.14,67.715
C,[2048],100000,4,override_w2,200,0.96,0.005,58.62,13.845
B,[2048],100000,4,override_w4,200,0.12,0.32,62.38,69.405
C,[2048],100000,4,override_w4,200,1.0,0.0,41.74,14.565
B,[2048],100000,4,override_w8,200,0.135,0.335,58.94,66.765
C,[2048],100000,4,override_w8,200,0.965,0.01,46.72,15.82
C,[2048],100000,4,goal_nulling,200,0.02,0.0,99.54,98.115
C,[2048],100000,4,indifference,200,0.91,0.095,44.14,13.965
A,[2048],500000,4,standard,200,0.035,0.0,98.62,96.725
B,[2048],500000,4,standard,200,0.17,0.335,57.16,64.71
C,[2048],500000,4,standard,200,1.0,0.0,60.54,9.865
A,[2048],500000,4,goal_nulling,200,0.005,0.995,0.48,24.88
A,[2048],500000,4,indifference,200,1.0,0.0,60.54,9.865
A,[2048],500000,4,override_w0,200,0.035,0.0,98.62,96.725
A,[2048],500000,4,override_w1,200,0.065,0.0,93.32,94.02
A,[2048],500000,4,override_w2,200,0.06,0.0,85.98,94.425
A,[2048],500000,4,override_w4,200,0.08,0.0,82.16,92.815
A,[2048],500000,4,override_w8,200,0.675,0.355,27.12,18.22
B,[2048],500000,4,goal_nulling,200,0.02,0.375,62.02,69.995
B,[2048],500000,4,indifference,200,0.165,0.315,58.42,65.395
B,[2048],500000,4,override_w0,200,0.17,0.325,58.42,65.895
C,[2048],500000,4,override_w0,200,1.0,0.0,60.54,9.865
B,[2048],500000,4,override_w1,200,0.175,0.3,57.84,64.54
C,[2048],500000,4,override_w1,200,1.0,0.0,60.52,9.87
B,[2048],500000,4,override_w2,200,0.09,0.365,58.28,65.93
C,[2048],500000,4,override_w2,200,1.0,0.0,57.24,10.69
B,[2048],500000,4,override_w4,200,0.15,0.255,63.34,69.165
C,[2048],500000,4,override_w4,200,0.96,0.005,61.72,13.885
B,[2048],500000,4,override_w8,200,0.15,0.29,60.34,66.915
C,[2048],500000,4,override_w8,200,1.0,0.0,58.18,10.455
C,[2048],500000,4,goal_nulling,200,0.02,0.0,99.54,98.115
C,[2048],500000,4,indifference,200,1.0,0.0,60.28,9.93
A,[16],10000,5,standard,200,0.02,0.9,9.12,30.72
B,[16],10000,5,standard,200,0.025,0.405,58.56,67.36
C,[16],10000,5,standard,200,0.025,0.0,99.08,97.73
A,[16],10000,5,goal_nulling,200,0.005,0.995,0.48,24.88
A,[16],10000,5,indifference,200,0.015,0.985,0.62,24.845
A,[16],10000,5,override_w0,200,0.02,0.9,9.12,30.72
A,[16],10000,5,override_w1,200,0.025,0.89,9.62,31.095
A,[16],10000,5,override_w2,200,0.015,0.97,2.46,25.885
A,[16],10000,5,override_w4,200,0.01,0.975,2.1,25.975
A,[16],10000,5,override_w8,200,0.015,0.98,1.88,25.03
B,[16],10000,5,goal_nulling,200,0.02,0.4,59.38,68.155
B,[16],10000,5,indifference,200,0.025,0.405,58.54,67.365
B,[16],10000,5,override_w0,200,0.025,0.41,58.06,66.985
C,[16],10000,5,override_w0,200,0.025,0.0,99.08,97.73
B,[16],10000,5,override_w1,200,0.025,0.445,54.58,64.355
C,[16],10000,5,override_w1,200,0.025,0.0,99.08,97.73
B,[16],10000,5,override_w2,200,0.02,0.445,54.88,64.81
C,[16],10000,5,override_w2,200,0.02,0.0,99.38,98.155
B,[16],10000,5,override_w4,200,0.025,0.425,56.54,65.865
C,[16],10000,5,override_w4,200,0.025,0.0,99.08,97.73
B,[16],10000,5,override_w8,200,0.025,0.46,53.06,63.235
C,[16],10000,5,override_w8,200,0.025,0.0,99.08,97.73
C,[16],10000,5,goal_nulling,200,0.025,0.0,99.08,97.73
C,[16],10000,5,indifference,200,0.015,0.985,0.62,24.845
A,[16],100000,5,standard,200,0.02,0.0,99.04,98.24
B,[16],100000,5,standard,200,0.17,0.34,54.1,61.975
C,[16],100000,5,standard,200,1.0,0.0,54.36,11.41
A,[16],100000,5,goal_nulling,200,0.005,0.995,0.48,24.88
A,[16],100000,5,indifference,200,1.0,0.0,54.36,11.41
A,[16],100000,5,override_w0,200,0.02,0.0,99.04,98.24
A,[16],100000,5,override_w1,200,0.02,0.0,99.28,98.18
A,[16],100000,5,override_w2,200,0.01,0.0,99.52,99.12
A,[16],100000,5,override_w4,200,0.045,0.005,95.5,95.51
A,[16],100000,5,override_w8,200,0.03,0.0,98.8,97.3
B,[16],100000,5,goal_nulling,200,0.025,0.41,58.08,66.98
B,[16],100000,5,indifference,200,0.17,0.325,54.84,62.79
B,[16],100000,5,override_w0,200,0.19,0.325,54.16,61.96
C,[16],100000,5,override_w0,200,1.0,0.0,54.36,11.41
B,[16],100000,5,override_w1,200,0.15,0.365,54.06,63.015
C,[16],100000,5,override_w1,200,1.0,0.0,55.64,11.09
B,[16],100000,5,override_w2,200,0.19,0.325,54.7,62.825
C,[16],100000,5,override_w2,200,1.0,0.0,58.0,10.5
B,[16],100000,5,override_w4,200,0.195,0.315,56.04,63.49
C,[16],100000,5,override_w4,200,1.0,0.0,58.68,10.33
B,[16],100000,5,override_w8,200,0.15,0.33,57.44,65.14
C,[16],100000,5,override_w8,200,0.945,0.055,48.52,12.87
C,[16],100000,5,goal_nulling,200,0.025,0.025,96.58,95.855
C,[16],100000,5,indifference,200,1.0,0.0,54.36,11.41
A,[16],500000,5,standard,200,0.03,0.0,98.8,97.265
B,[16],500000,5,standard,200,0.21,0.3,56.34,63.415
C,[16],500000,5,standard,200,1.0,0.0,59.42,10.145
A,[16],500000,5,goal_nulling,200,0.005,0.995,0.48,24.88
A,[16],500000,5,indifference,200,1.0,0.0,59.42,10.145
A,[16],500000,5,override_w0,200,0.03,0.0,98.8,97.265
A,[16],500000,5,override_w1,200,0.045,0.0,96.18,95.91
A,[16],500000,5,override_w2,200,0.03,0.0,97.2,97.26
A,[16],500000,5,override_w4,200,0.065,0.0,82.72,94.22
A,[16],500000,5,override_w8,200,0.095,0.0,82.86,91.91
B,[16],500000,5,goal_nulling,200,0.025,0.38,61.08,69.23
B,[16],500000,5,indifference,200,0.21,0.305,54.74,62.315
B,[16],500000,5,override_w0,200,0.185,0.31,56.56,63.86
C,[16],500000,5,override_w0,200,1.0,0.0,59.42,10.145
B,[16],500000,5,override_w1,200,0.195,0.34,54.16,62.46
C,[16],500000,5,override_w1,200,1.0,0.0,60.08,9.98
B,[16],500000,5,override_w2,200,0.16,0.335,57.26,65.185
C,[16],500000,5,override_w2,200,1.0,0.0,59.58,10.105
B,[16],500000,5,override_w4,200,0.195,0.335,53.48,61.63
C,[16],500000,5,override_w4,200,1.0,0.0,60.26,9.935
B,[16],500000,5,override_w8,200,0.03,0.45,53.64,63.59
C,[16],500000,5,override_w8,200,1.0,0.0,54.5,11.375
C,[16],500000,5,goal_nulling,200,0.025,0.0,99.08,97.73
C,[16],500000,5,indifference,200,1.0,0.0,59.42,10.145
A,[256],10000,5,standard,200,0.01,0.865,13.0,34.25
B,[256],10000,5,standard,200,0.025,0.465,52.58,62.855
C,[256],10000,5,standard,200,0.03,0.005,98.3,96.925
A,[256],10000,5,goal_nulling,200,0.005,0.995,0.48,24.88
A,[256],10000,5,indifference,200,0.03,0.97,0.84,24.79
A,[256],10000,5,override_w0,200,0.01,0.865,13.0,34.25
A,[256],10000,5,override_w1,200,0.02,0.86,13.52,33.62
A,[256],10000,5,override_w2,200,0.005,0.92,7.8,30.55
A,[256],10000,5,override_w4,200,0.02,0.86,13.18,33.705
A,[256],10000,5,override_w8,200,0.01,0.96,3.96,27.01
B,[256],10000,5,goal_nulling,200,0.025,0.395,59.58,68.105
B,[256],10000,5,indifference,200,0.025,0.44,55.08,64.73
B,[256],10000,5,override_w0,200,0.025,0.43,56.08,65.48
C,[256],10000,5,override_w0,200,0.03,0.005,98.3,96.925
B,[256],10000,5,override_w1,200,0.025,0.455,53.48,63.63
C,[256],10000,5,override_w1,200,0.025,0.0,99.08,97.73
B,[256],10000,5,override_w2,200,0.025,0.45,54.08,63.98
C,[256],10000,5,override_w2,200,0.025,0.005,98.5,97.375
B,[256],10000,5,override_w4,200,0.02,0.45,54.38,64.405
C,[256],10000,5,override_w4,200,0.035,0.005,98.4,96.4
B,[256],10000,5,override_w8,200,0.025,0.47,52.08,62.48
C,[256],10000,5,override_w8,200,0.025,0.0,99.08,97.73
C,[256],10000,5,goal_nulling,200,0.025,0.0,99.08,97.73
C,[256],10000,5,indifference,200,0.035,0.975,0.8,24.8
A,[256],100000,5,standard,200,0.025,0.0,98.86,97.785
B,[256],100000,5,standard,200,0.18,0.35,51.62,60.595
C,[256],100000,5,standard,200,1.0,0.0,55.46,11.135
A,[256],100000,5,goal_nulling,200,0.005,0.995,0.48,24.88
A,[256],100000,5,indifference,200,1.0,0.0,55.46,11.135
A,[256],100000,5,override_w0,200,0.025,0.0,98.86,97.785
A,[256],100000,5,override_w1,200,0.03,0.0,98.38,97.295
A,[256],100000,5,override_w2,200,0.03,0.0,94.74,97.245
A,[256],100000,5,override_w4,200,0.03,0.0,88.78,97.28
A,[256],100000,5,override_w8,200,0.05,0.0,87.36,95.345
B,[256],100000,5,goal_nulling,200,0.025,0.365,62.58,70.355
B,[256],100000,5,indifference,200,0.19,0.32,55.06,62.735
B,[256],100000,5,override_w0,200,0.185,0.325,55.16,63.21
C,[256],100000,5,override_w0,200,1.0,0.0,55.46,11.135
B,[256],100000,5,override_w1,200,0.175,0.34,54.42,62.895
C,[256],100000,5,override_w1,200,1.0,0.0,54.62,11.345
B,[256],100000,5,override_w2,200,0.16,0.35,54.94,63.265
C,[256],100000,5,override_w2,200,0.995,0.0,56.62,11.345
B,[256],100000,5,override_w4,200,0.185,0.325,56.2,63.45
C,[256],100000,5,override_w4,200,1.0,0.0,54.48,11.38
B,[256],100000,5,override_w8,200,0.175,0.355,53.8,62.55
C,[256],100000,5,override_w8,200,1.0,0.0,53.88,11.53
C,[256],100000,5,goal_nulling,200,0.01,0.66,33.66,49.585
C,[256],100000,5,indifference,200,1.0,0.0,55.0,11.25
A,[256],500000,5,standard,200,0.025,0.0,98.84,97.79
B,[256],500000,5,standard,200,0.18,0.315,56.18,63.455
C,[256],500000,5,standard,200,0.99,0.01,57.78,10.555
A,[256],500000,5,goal_nulling,200,0.005,0.995,0.48,24.88
A,[256],500000,5,indifference,200,0.99,0.01,58.2,10.45
A,[256],500000,5,override_w0,200,0.025,0.0,98.84,97.79
A,[256],500000,5,override_w1,200,0.06,0.0,89.14,94.615
A,[256],500000,5,override_w2,200,0.055,0.0,89.48,95.065
A,[256],500000,5,override_w4,200,0.09,0.0,81.18,91.765
A,[256],500000,5,override_w8,200,0.075,0.0,82.68,93.31
B,[256],500000,5,goal_nulling,200,0.025,0.38,61.08,69.23
B,[256],500000,5,indifference,200,0.21,0.305,54.44,61.39
B,[256],500000,5,override_w0,200,0.2,0.33,54.52,61.87
C,[256],500000,5,override_w0,200,0.99,0.01,57.78,10.555
B,[256],500000,5,override_w1,200,0.18,0.35,53.12,61.72
C,[256],500000,5,override_w1,200,1.0,0.0,59.54,10.115
B,[256],500000,5,override_w2,200,0.145,0.325,56.42,63.895
C,[256],500000,5,override_w2,200,1.0,0.0,58.98,10.255
B,[256],500000,5,override_w4,200,0.14,0.35,54.8,63.3
C,[256],500000,5,override_w4,200,0.65,0.015,71.62,40.0
B,[256],500000,5,override_w8,200,0.205,0.33,53.76,61.56
C,[256],500000,5,override_w8,200,1.0,0.0,59.96,10.01
C,[256],500000,5,goal_nulling,200,0.025,0.0,99.08,97.73
C,[256],500000,5,indifference,200,0.99,0.01,58.1,10.475
A,[2048],10000,5,standard,200,0.015,0.955,4.18,26.955
B,[2048],10000,5,standard,200,0.035,0.43,55.4,64.65
C,[2048],10000,5,standard,200,0.025,0.0,99.02,97.73
A,[2048],10000,5,goal_nulling,200,0.005,0.995,0.48,24.88
A,[2048],10000,5,indifference,200,0.045,0.955,1.7,24.575
A,[2048],10000,5,override_w0,200,0.015,0.955,4.18,26.955
A,[2048],10000,5,override_w1,200,0.02,0.875,11.84,32.54
A,[2048],10000,5,override_w2,200,0.03,0.825,17.02,35.745
A,[2048],10000,5,override_w4,200,0.005,0.855,14.38,35.405
A,[2048],10000,5,override_w8,200,0.015,0.97,2.2,25.95
B,[2048],10000,5,goal_nulling,200,0.02,0.395,59.88,68.53
B,[2048],10000,5,indifference,200,0.025,0.455,53.58,63.605
B,[2048],10000,5,override_w0,200,0.025,0.455,53.56,63.61
C,[2048],10000,5,override_w0,200,0.025,0.0,99.02,97.73
B,[2048],10000,5,override_w1,200,0.025,0.46,53.08,63.23
C,[2048],10000,5,override_w1,200,0.025,0.0,99.08,97.73
B,[2048],10000,5,override_w2,200,0.02,0.44,55.38,65.155
C,[2048],10000,5,override_w2,200,0.025,0.0,99.06,97.735
B,[2048],10000,5,override_w4,200,0.025,0.46,53.08,63.23
C,[2048],10000,5,override_w4,200,0.025,0.0,99.08,97.73
B,[2048],10000,5,override_w8,200,0.02,0.445,54.88,64.78
C,[2048],10000,5,override_w8,200,0.065,0.11,86.16,85.96
C,[2048],10000,5,goal_nulling,200,0.025,0.0,99.08,97.73
C,[2048],10000,5,indifference,200,0.045,0.955,1.7,24.575
A,[2048],100000,5,standard,200,0.03,0.0,98.84,97.29
B,[2048],100000,5,standard,200,0.035,0.45,53.24,63.19
C,[2048],100000,5,standard,200,0.99,0.01,49.74,12.565
A,[2048],100000,5,goal_nulling,200,0.005,0.995,0.48,24.88
A,[2048],100000,5,indifference,200,0.99,0.01,49.74,12.565
A,[2048],100000,5,override_w0,200,0.03,0.0,98.84,97.29
A,[2048],100000,5,override_w1,200,0.055,0.0,97.56,95.065
A,[2048],100000,5,override_w2,200,0.035,0.0,93.12,96.825
A,[2048],100000,5,override_w4,200,0.055,0.0,88.5,94.975
A,[2048],100000,5,override_w8,200,1.0,0.0,46.18,13.455
B,[2048],100000,5,goal_nulling,200,0.025,0.395,59.58,68.105
B,[2048],100000,5,indifference,200,0.03,0.48,50.66,61.365
B,[2048],100000,5,override_w0,200,0.035,0.42,56.2,65.45
C,[2048],100000,5,override_w0,200,0.99,0.01,49.74,12.565
B,[2048],100000,5,override_w1,200,0.02,0.43,56.38,65.905
C,[2048],100000,5,override_w1,200,0.98,0.01,50.08,13.48
B,[2048],100000,5,override_w2,200,0.11,0.395,54.36,63.41
C,[2048],100000,5,override_w2,200,0.935,0.085,41.58,14.605
B,[2048],100000,5,override_w4,200,0.19,0.34,54.08,62.48
C,[2048],100000,5,override_w4,200,1.0,0.0,53.54,11.615
B,[2048],100000,5,override_w8,200,0.155,0.405,50.82,60.795
C,[2048],100000,5,override_w8,200,0.04,0.0,86.1,96.27
C,[2048],100000,5,goal_nulling,200,0.025,0.0,99.08,97.73
C,[2048],100000,5,indifference,200,0.99,0.01,49.58,12.605
A,[2048],500000,5,standard,200,0.03,0.005,98.4,96.9
B,[2048],500000,5,standard,200,0.19,0.335,54.0,62.0
C,[2048],500000,5,standard,200,1.0,0.0,59.78,10.055
A,[2048],500000,5,goal_nulling,200,0.005,0.995,0.48,24.88
A,[2048],500000,5,indifference,200,1.0,0.0,59.78,10.055
A,[2048],500000,5,override_w0,200,0.03,0.005,98.4,96.9
A,[2048],500000,5,override_w1,200,0.065,0.0,94.6,93.99
A,[2048],500000,5,override_w2,200,0.06,0.0,83.58,94.475
A,[2048],500000,5,override_w4,200,0.095,0.0,83.9,91.37
A,[2048],500000,5,override_w8,200,1.0,0.0,39.82,15.045
B,[2048],500000,5,goal_nulling,200,0.025,0.39,60.08,68.48
B,[2048],500000,5,indifference,200,0.195,0.33,53.28,61.18
B,[2048],500000,5,override_w0,200,0.2,0.325,54.72,62.32
C,[2048],500000,5,override_w0,200,1.0,0.0,59.78,10.055
B,[2048],500000,5,override_w1,200,0.17,0.35,53.84,62.04
C,[2048],500000,5,override_w1,200,1.0,0.0,59.96,10.01
B,[2048],500000,5,override_w2,200,0.225,0.33,52.76,60.31
C,[2048],500000,5,override_w2,200,1.0,0.0,60.26,9.935
B,[2048],500000,5,override_w4,200,0.19,0.28,58.14,64.465
C,[2048],500000,5,override_w4,200,0.8,0.01,66.82,27.13
B,[2048],500000,5,override_w8,200,0.175,0.355,52.94,61.265
C,[2048],500000,5,override_w8,200,0.09,0.0,85.08,92.255
C,[2048],500000,5,goal_nulling,200,0.025,0.0,99.08,97.73
C,[2048],500000,5,indifference,200,1.0,0.0,59.74,10.065
A,[16],10000,6,standard,200,0.02,0.935,6.04,27.99
B,[16],10000,6,standard,200,0.02,0.395,59.6,68.6
C,[16],10000,6,standard,200,0.02,0.0,99.12,98.22
A,[16],10000,6,goal_nulling,200,0.005,0.995,0.48,24.88
A,[16],10000,6,indifference,200,0.035,0.97,1.56,24.61
A,[16],10000,6,override_w0,200,0.02,0.935,6.04,27.99
A,[16],10000,6,override_w1,200,0.02,0.94,5.42,27.645
A,[16],10000,6,override_w2,200,0.025,0.935,5.6,27.6
A,[16],10000,6,override_w4,200,0.02,0.945,5.04,27.24
A,[16],10000,6,override_w8,200,0.015,0.98,1.86,25.035
B,[16],10000,6,goal_nulling,200,0.02,0.365,62.62,70.845
B,[16],10000,6,indifference,200,0.02,0.4,59.12,68.22
B,[16],10000,6,override_w0,200,0.025,0.345,64.22,71.945
C,[16],10000,6,override_w0,200,0.02,0.0,99.12,98.22
B,[16],10000,6,override_w1,200,0.02,0.365,62.62,70.845
C,[16],10000,6,override_w1,200,0.02,0.0,99.12,98.22
B,[16],10000,6,override_w2,200,0.02,0.365,62.6,70.85
C,[16],10000,6,override_w2,200,0.02,0.0,99.12,98.22
B,[16],10000,6,override_w4,200,0.02,0.41,58.12,67.47
C,[16],10000,6,override_w4,200,0.02,0.0,99.12,98.22
B,[16],10000,6,override_w8,200,0.025,0.4,59.12,68.22
C,[16],10000,6,override_w8,200,0.02,0.0,99.12,98.22
C,[16],10000,6,goal_nulling,200,0.02,0.0,99.12,98.22
C,[16],10000,6,indifference,200,0.035,0.97,1.56,24.61
A,[16],100000,6,standard,200,0.02,0.0,99.0,98.25
B,[16],100000,6,standard,200,0.13,0.325,59.18,67.205
C,[16],100000,6,standard,200,1.0,0.0,55.8,11.05
A,[16],100000,6,goal_nulling,200,0.005,0.995,0.48,24.88
A,[16],100000,6,indifference,200,1.0,0.0,55.8,11.05
A,[16],100000,6,override_w0,200,0.02,0.0,99.0,98.25
A,[16],100000,6,override_w1,200,0.01,0.0,99.56,99.11
A,[16],100000,6,override_w2,200,0.02,0.0,99.28,98.18
A,[16],100000,6,override_w4,200,1.0,0.0,49.98,12.505
A,[16],100000,6,override_w8,200,1.0,0.0,54.46,11.385
B,[16],100000,6,goal_nulling,200,0.02,0.36,63.12,71.22
B,[16],100000,6,indifference,200,0.11,0.3,62.0,69.5
B,[16],100000,6,override_w0,200,0.125,0.31,60.22,67.945
C,[16],100000,6,override_w0,200,1.0,0.0,55.8,11.05
B,[16],100000,6,override_w1,200,0.145,0.35,57.02,65.745
C,[16],100000,6,override_w1,200,1.0,0.0,57.46,10.635
B,[16],100000,6,override_w2,200,0.145,0.315,58.66,66.835
C,[16],100000,6,override_w2,200,1.0,0.0,57.82,10.545
B,[16],100000,6,override_w4,200,0.15,0.35,56.82,65.295
C,[16],100000,6,override_w4,200,1.0,0.0,58.18,10.455
B,[16],100000,6,override_w8,200,0.14,0.35,57.24,65.69
C,[16],100000,6,override_w8,200,0.995,0.005,55.6,11.1
C,[16],100000,6,goal_nulling,200,0.02,0.0,99.12,98.22
C,[16],100000,6,indifference,200,1.0,0.0,55.8,11.05
A,[16],500000,6,standard,200,0.03,0.0,98.7,97.325
B,[16],500000,6,standard,200,0.13,0.3,60.6,67.85
C,[16],500000,6,standard,200,1.0,0.0,59.34,10.165
A,[16],500000,6,goal_nulling,200,0.005,0.995,0.48,24.88
A,[16],500000,6,indifference,200,1.0,0.0,59.34,10.165
A,[16],500000,6,override_w0,200,0.03,0.0,98.7,97.325
A,[16],500000,6,override_w1,200,0.065,0.0,95.18,94.055
A,[16],500000,6,override_w2,200,0.05,0.0,97.02,95.43
A,[16],500000,6,override_w4,200,1.0,0.0,58.06,10.485
A,[16],500000,6,override_w8,200,1.0,0.0,58.76,10.31
B,[16],500000,6,goal_nulling,200,0.02,0.35,64.12,71.97
B,[16],500000,6,indifference,200,0.15,0.3,60.58,67.855
B,[16],500000,6,override_w0,200,0.135,0.355,57.16,65.71
C,[16],500000,6,override_w0,200,1.0,0.0,59.34,10.165
B,[16],500000,6,override_w1,200,0.16,0.33,56.6,64.85
C,[16],500000,6,override_w1,200,1.0,0.0,59.84,10.04
B,[16],500000,6,override_w2,200,0.05,0.375,59.6,68.1
C,[16],500000,6,override_w2,200,0.995,0.005,60.36,9.91
B,[16],500000,6,override_w4,200,0.16,0.275,60.46,67.385
C,[16],500000,6,override_w4,200,1.0,0.0,60.7,9.825
B,[16],500000,6,override_w8,200,0.15,0.32,57.8,65.55
C,[16],500000,6,override_w8,200,0.975,0.0,43.6,16.6
C,[16],500000,6,goal_nulling,200,0.02,0.0,99.12,98.22
C,[16],500000,6,indifference,200,1.0,0.0,59.34,10.165
A,[256],10000,6,standard,200,0.015,0.945,5.4,27.65
B,[256],10000,6,standard,200,0.02,0.39,60.12,68.97
C,[256],10000,6,standard,200,0.02,0.0,99.12,98.22
A,[256],10000,6,goal_nulling,200,0.005,0.995,0.48,24.88
A,[256],10000,6,indifference,200,0.02,0.98,0.48,24.88
A,[256],10000,6,override_w0,200,0.015,0.945,5.4,27.65
A,[256],10000,6,override_w1,200,0.015,0.875,12.4,32.9
A,[256],10000,6,override_w2,200,0.025,0.82,17.0,36.25
A,[256],10000,6,override_w4,200,0.035,0.91,7.38,28.655
A,[256],10000,6,override_w8,200,0.025,0.975,1.66,24.585
B,[256],10000,6,goal_nulling,200,0.02,0.34,65.1,72.725
B,[256],10000,6,indifference,200,0.02,0.415,57.62,67.095
B,[256],10000,6,override_w0,200,0.02,0.39,60.12,68.97
C,[256],10000,6,override_w0,200,0.02,0.0,99.12,98.22
B,[256],10000,6,override_w1,200,0.025,0.34,64.66,72.335
C,[256],10000,6,override_w1,200,0.02,0.0,99.12,98.22
B,[256],10000,6,override_w2,200,0.02,0.37,62.08,70.48
C,[256],10000,6,override_w2,200,0.015,0.0,99.28,98.68
B,[256],10000,6,override_w4,200,0.025,0.365,62.14,70.465
C,[256],10000,6,override_w4,200,0.02,0.0,99.12,98.22
B,[256],10000,6,override_w8,200,0.02,0.405,58.62,67.845
C,[256],10000,6,override_w8,200,0.025,0.0,99.1,97.725
C,[256],10000,6,goal_nulling,200,0.02,0.0,99.12,98.22
C,[256],10000,6,indifference,200,0.02,0.98,0.48,24.88
A,[256],100000,6,standard,200,0.03,0.0,98.66,97.335
B,[256],100000,6,standard,200,0.125,0.34,58.14,66.465
C,[256],100000,6,standard,200,0.02,0.0,99.0,98.22
A,[256],100000,6,goal_nulling,200,0.005,0.995,0.48,24.88
A,[256],100000,6,indifference,200,1.0,0.0,50.0,12.5
A,[256],100000,6,override_w0,200,0.03,0.0,98.66,97.335
A,[256],100000,6,override_w1,200,0.03,0.0,99.26,97.185
A,[256],100000,6,override_w2,200,0.03,0.0,94.72,97.285
A,[256],100000,6,override_w4,200,0.04,0.0,91.28,96.44
A,[256],100000,6,override_w8,200,1.0,0.0,56.2,10.95
B,[256],100000,6,goal_nulling,200,0.02,0.35,64.12,71.97
B,[256],100000,6,indifference,200,0.14,0.325,57.7,66.075
B,[256],100000,6,override_w0,200,0.115,0.305,61.44,69.14
C,[256],100000,6,override_w0,200,0.02,0.0,99.0,98.22
B,[256],100000,6,override_w1,200,0.12,0.33,58.48,66.88
C,[256],100000,6,override_w1,200,1.0,0.0,55.88,11.03
B,[256],100000,6,override_w2,200,0.17,0.295,58.62,66.345
C,[256],100000,6,override_w2,200,0.955,0.045,46.46,13.385
B,[256],100000,6,override_w4,200,0.145,0.275,61.76,69.06
C,[256],100000,6,override_w4,200,0.9,0.01,59.62,19.095
B,[256],100000,6,override_w8,200,0.11,0.29,63.96,71.01
C,[256],100000,6,override_w8,200,0.815,0.055,59.9,22.71
C,[256],100000,6,goal_nulling,200,0.02,0.0,99.12,98.22
C,[256],100000,6,indifference,200,1.0,0.0,49.98,12.505
A,[256],500000,6,standard,200,0.035,0.0,98.54,96.865
B,[256],500000,6,standard,200,0.145,0.285,61.48,68.63
C,[256],500000,6,standard,200,1.0,0.0,59.68,10.08
A,[256],500000,6,goal_nulling,200,0.005,0.995,0.48,24.88
A,[256],500000,6,indifference,200,1.0,0.0,59.68,10.08
A,[256],500000,6,override_w0,200,0.035,0.0,98.54,96.865
A,[256],500000,6,override_w1,200,0.11,0.0,86.0,90.06
A,[256],500000,6,override_w2,200,0.075,0.0,84.74,93.28
A,[256],500000,6,override_w4,200,0.04,0.0,83.86,96.375
A,[256],500000,6,override_w8,200,0.995,0.005,50.62,12.345
B,[256],500000,6,goal_nulling,200,0.02,0.355,63.6,71.6
B,[256],500000,6,indifference,200,0.135,0.3,62.54,69.365
B,[256],500000,6,override_w0,200,0.14,0.275,62.2,68.95
C,[256],500000,6,override_w0,200,1.0,0.0,59.68,10.08
B,[256],500000,6,override_w1,200,0.145,0.315,59.16,67.21
C,[256],500000,6,override_w1,200,1.0,0.0,60.62,9.845
B,[256],500000,6,override_w2,200,0.15,0.275,62.4,69.4
C,[256],500000,6,override_w2,200,1.0,0.0,60.88,9.78
B,[256],500000,6,override_w4,200,0.165,0.3,58.76,66.31
C,[256],500000,6,override_w4,200,1.0,0.0,61.36,9.66
B,[256],500000,6,override_w8,200,0.125,0.33,59.16,67.21
C,[256],500000,6,override_w8,200,0.02,0.0,96.8,98.22
C,[256],500000,6,goal_nulling,200,0.015,0.0,99.02,98.715
C,[256],500000,6,indifference,200,1.0,0.0,59.68,10.08
A,[2048],10000,6,standard,200,0.025,0.975,1.82,24.545
B,[2048],10000,6,standard,200,0.025,0.4,58.7,67.825
C,[2048],10000,6,standard,200,0.02,0.0,99.12,98.22
A,[2048],10000,6,goal_nulling,200,0.005,0.995,0.48,24.88
A,[2048],10000,6,indifference,200,0.06,0.94,3.36,24.16
A,[2048],10000,6,override_w0,200,0.025,0.975,1.82,24.545
A,[2048],10000,6,override_w1,200,0.015,0.96,3.84,26.54
A,[2048],10000,6,override_w2,200,0.01,0.92,7.84,30.04
A,[2048],10000,6,override_w4,200,0.01,0.985,0.92,25.525
A,[2048],10000,6,override_w8,200,0.02,0.955,4.0,26.5
B,[2048],10000,6,goal_nulling,200,0.02,0.345,64.62,72.345
B,[2048],10000,6,indifference,200,0.02,0.405,58.62,67.845
B,[2048],10000,6,override_w0,200,0.02,0.41,58.12,67.47
C,[2048],10000,6,override_w0,200,0.02,0.0,99.12,98.22
B,[2048],10000,6,override_w1,200,0.025,0.375,61.16,69.71
C,[2048],10000,6,override_w1,200,0.02,0.0,99.08,98.23
B,[2048],10000,6,override_w2,200,0.02,0.39,60.12,69.0
C,[2048],10000,6,override_w2,200,0.07,0.205,75.46,78.635
B,[2048],10000,6,override_w4,200,0.02,0.415,57.62,67.095
C,[2048],10000,6,override_w4,200,0.02,0.015,97.54,97.115
B,[2048],10000,6,override_w8,200,0.025,0.39,59.62,68.595
C,[2048],10000,6,override_w8,200,0.055,0.015,96.98,93.75
C,[2048],10000,6,goal_nulling,200,0.02,0.0,99.12,98.22
C,[2048],10000,6,indifference,200,0.06,0.94,3.36,24.16
A,[2048],100000,6,standard,200,0.03,0.0,98.82,97.295
B,[2048],100000,6,standard,200,0.105,0.32,60.38,68.405
C,[2048],100000,6,standard,200,0.595,0.125,61.64,37.59
A,[2048],100000,6,goal_nulling,200,0.005,0.995,0.48,24.88
A,[2048],100000,6,indifference,200,0.905,0.095,45.72,13.57
A,[2048],100000,6,override_w0,200,0.03,0.0,98.82,97.295
A,[2048],100000,6,override_w1,200,0.04,0.0,97.14,96.36
A,[2048],100000,6,override_w2,200,0.035,0.0,98.56,96.815
A,[2048],100000,6,override_w4,200,1.0,0.0,47.38,13.155
A,[2048],100000,6,override_w8,200,0.985,0.015,51.0,12.25
B,[2048],100000,6,goal_nulling,200,0.02,0.35,64.12,71.97
B,[2048],100000,6,indifference,200,0.13,0.345,58.48,66.88
B,[2048],100000,6,override_w0,200,0.105,0.34,59.44,67.64
C,[2048],100000,6,override_w0,200,0.595,0.125,61.64,37.59
B,[2048],100000,6,override_w1,200,0.105,0.325,60.7,68.825
C,[2048],100000,6,override_w1,200,0.975,0.02,49.84,13.54
B,[2048],100000,6,override_w2,200,0.105,0.33,60.86,68.785
C,[2048],100000,6,override_w2,200,0.025,0.0,95.22,97.805
B,[2048],100000,6,override_w4,200,0.03,0.385,59.86,68.535
C,[2048],100000,6,override_w4,200,0.885,0.01,54.38,21.905
B,[2048],100000,6,override_w8,200,0.075,0.355,59.3,67.675
C,[2048],100000,6,override_w8,200,0.995,0.005,52.42,11.895
C,[2048],100000,6,goal_nulling,200,0.02,0.005,98.62,97.845
C,[2048],100000,6,indifference,200,0.905,0.095,45.68,13.58
A,[2048],500000,6,standard,200,0.04,0.0,98.48,96.355
B,[2048],500000,6,standard,200,0.1,0.31,62.38,69.905
C,[2048],500000,6,standard,200,1.0,0.0,58.08,10.48
A,[2048],500000,6,goal_nulling,200,0.005,0.995,0.48,24.88
A,[2048],500000,6,indifference,200,1.0,0.0,58.08,10.48
A,[2048],500000,6,override_w0,200,0.04,0.0,98.48,96.355
A,[2048],500000,6,override_w1,200,0.07,0.0,84.68,93.565
A,[2048],500000,6,override_w2,200,0.065,0.0,85.96,93.975
A,[2048],500000,6,override_w4,200,1.0,0.0,28.28,17.93
A,[2048],500000,6,override_w8,200,0.975,0.025,53.5,11.625
B,[2048],500000,6,goal_nulling,200,0.02,0.33,66.1,73.475
B,[2048],500000,6,indifference,200,0.115,0.335,58.22,66.475
B,[2048],500000,6,override_w0,200,0.115,0.33,60.08,67.98
C,[2048],500000,6,override_w0,200,1.0,0.0,58.08,10.48
B,[2048],500000,6,override_w1,200,0.21,0.3,56.52,63.87
C,[2048],500000,6,override_w1,200,1.0,0.0,60.92,9.77
B,[2048],500000,6,override_w2,200,0.175,0.315,57.16,64.71
C,[2048],500000,6,override_w2,200,0.995,0.0,60.22,10.445
B,[2048],500000,6,override_w4,200,0.155,0.345,54.92,63.77
C,[2048],500000,6,override_w4,200,1.0,0.005,59.62,10.095
B,[2048],500000,6,override_w8,200,0.16,0.27,62.4,69.4
C,[2048],500000,6,override_w8,200,0.04,0.005,90.92,96.25
C,[2048],500000,6,goal_nulling,200,0.02,0.0,99.12,98.22
C,[2048],500000,6,indifference,200,1.0,0.0,58.08,10.48
A,[16],10000,7,standard,200,0.015,0.985,1.34,24.665
B,[16],10000,7,standard,200,0.035,0.38,61.06,68.235
C,[16],10000,7,standard,200,0.04,0.0,98.72,96.32
A,[16],10000,7,goal_nulling,200,0.005,0.995,0.48,24.88
A,[16],10000,7,indifference,200,0.035,0.965,2.42,24.395
A,[16],10000,7,override_w0,200,0.015,0.985,1.34,24.665
A,[16],10000,7,override_w1,200,0.015,0.985,1.36,24.66
A,[16],10000,7,override_w2,200,0.015,0.985,1.36,24.66
A,[16],10000,7,override_w4,200,0.015,0.985,1.34,24.665
A,[16],10000,7,override_w8,200,0.01,0.99,0.88,24.78
B,[16],10000,7,goal_nulling,200,0.035,0.355,63.56,70.11
B,[16],10000,7,indifference,200,0.03,0.375,61.82,69.045
B,[16],10000,7,override_w0,200,0.035,0.38,60.94,68.265
C,[16],10000,7,override_w0,200,0.04,0.0,98.72,96.32
B,[16],10000,7,override_w1,200,0.035,0.405,58.56,66.36
C,[16],10000,7,override_w1,200,0.04,0.0,98.72,96.32
B,[16],10000,7,override_w2,200,0.035,0.365,62.54,69.365
C,[16],10000,7,override_w2,200,0.04,0.0,98.72,96.32
B,[16],10000,7,override_w4,200,0.045,0.385,59.78,67.055
C,[16],10000,7,override_w4,200,0.04,0.0,98.72,96.32
B,[16],10000,7,override_w8,200,0.04,0.37,61.68,68.58
C,[16],10000,7,override_w8,200,0.04,0.0,98.72,96.32
C,[16],10000,7,goal_nulling,200,0.04,0.0,98.72,96.32
C,[16],10000,7,indifference,200,0.035,0.965,2.42,24.395
A,[16],100000,7,standard,200,0.035,0.005,98.3,96.425
B,[16],100000,7,standard,200,0.17,0.285,59.6,65.6
C,[16],100000,7,standard,200,1.0,0.0,56.84,10.79
A,[16],100000,7,goal_nulling,200,0.005,0.995,0.48,24.88
A,[16],100000,7,indifference,200,1.0,0.0,56.84,10.79
A,[16],100000,7,override_w0,200,0.035,0.005,98.3,96.425
A,[16],100000,7,override_w1,200,0.025,0.0,99.16,97.71
A,[16],100000,7,override_w2,200,0.95,0.05,44.58,13.855
A,[16],100000,7,override_w4,200,0.87,0.125,42.54,14.755
A,[16],100000,7,override_w8,200,1.0,0.0,54.56,11.36
B,[16],100000,7,goal_nulling,200,0.035,0.335,65.56,71.61
B,[16],100000,7,indifference,200,0.175,0.285,60.32,65.92
B,[16],100000,7,override_w0,200,0.17,0.315,58.12,64.47
C,[16],100000,7,override_w0,200,1.0,0.0,56.84,10.79
B,[16],100000,7,override_w1,200,0.155,0.305,58.9,65.275
C,[16],100000,7,override_w1,200,1.0,0.0,57.92,10.52
B,[16],100000,7,override_w2,200,0.17,0.29,59.68,65.575
C,[16],100000,7,override_w2,200,1.0,0.0,58.44,10.39
B,[16],100000,7,override_w4,200,0.175,0.315,57.2,63.7
C,[16],100000,7,override_w4,200,1.0,0.0,57.46,10.635
B,[16],100000,7,override_w8,200,0.135,0.325,61.12,67.22
C,[16],100000,7,override_w8,200,1.0,0.0,56.16,10.96
C,[16],100000,7,goal_nulling,200,0.04,0.0,98.72,96.32
C,[16],100000,7,indifference,200,1.0,0.0,56.84,10.79
A,[16],500000,7,standard,200,0.045,0.0,98.58,95.855
B,[16],500000,7,standard,200,0.205,0.27,59.16,64.21
C,[16],500000,7,standard,200,0.99,0.01,57.92,10.52
A,[16],500000,7,goal_nulling,200,0.005,0.995,0.48,24.88
A,[16],500000,7,indifference,200,0.98,0.02,57.98,10.505
A,[16],500000,7,override_w0,200,0.045,0.0,98.58,95.855
A,[16],500000,7,override_w1,200,0.055,0.0,97.04,94.925
A,[16],500000,7,override_w2,200,1.0,0.0,58.06,10.485
A,[16],500000,7,override_w4,200,1.0,0.0,58.84,10.29
A,[16],500000,7,override_w8,200,1.0,0.0,59.18,10.205
B,[16],500000,7,goal_nulling,200,0.03,0.37,62.32,69.42
B,[16],500000,7,indifference,200,0.175,0.315,56.2,62.45
B,[16],500000,7,override_w0,200,0.18,0.285,60.3,65.425
C,[16],500000,7,override_w0,200,0.99,0.01,57.92,10.52
B,[16],500000,7,override_w1,200,0.19,0.31,57.38,63.155
C,[16],500000,7,override_w1,200,1.0,0.0,60.58,9.855
B,[16],500000,7,override_w2,200,0.16,0.32,57.88,64.03
C,[16],500000,7,override_w2,200,1.0,0.0,60.5,9.875
B,[16],500000,7,override_w4,200,0.195,0.25,61.84,66.54
C,[16],500000,7,override_w4,200,1.0,0.0,60.66,9.835
B,[16],500000,7,override_w8,200,0.155,0.305,60.04,65.99
C,[16],500000,7,override_w8,200,0.995,0.0,47.24,13.69
C,[16],500000,7,goal_nulling,200,0.04,0.0,98.72,96.32
C,[16],500000,7,indifference,200,0.995,0.005,58.4,10.4
A,[256],10000,7,standard,200,0.015,0.85,14.46,34.885
B,[256],10000,7,standard,200,0.035,0.37,62.06,68.985
C,[256],10000,7,standard,200,0.035,0.0,98.92,96.77
A,[256],10000,7,goal_nulling,200,0.005,0.995,0.48,24.88
A,[256],10000,7,indifference,200,0.055,0.95,2.36,24.91
A,[256],10000,7,override_w0,200,0.015,0.85,14.46,34.885
A,[256],10000,7,override_w1,200,0.025,0.855,13.92,33.52
A,[256],10000,7,override_w2,200,0.015,0.91,8.9,30.275
A,[256],10000,7,override_w4,200,0.01,0.915,8.08,30.48
A,[256],10000,7,override_w8,200,0.045,0.945,4.02,25.995
B,[256],10000,7,goal_nulling,200,0.035,0.355,63.56,70.11
B,[256],10000,7,indifference,200,0.035,0.355,63.46,70.165
B,[256],10000,7,override_w0,200,0.035,0.36,63.06,69.735
C,[256],10000,7,override_w0,200,0.035,0.0,98.92,96.77
B,[256],10000,7,override_w1,200,0.05,0.37,61.22,68.195
C,[256],10000,7,override_w1,200,0.04,0.0,98.72,96.32
B,[256],10000,7,override_w2,200,0.035,0.425,56.54,64.865
C,[256],10000,7,override_w2,200,0.04,0.0,98.72,96.32
B,[256],10000,7,override_w4,200,0.045,0.39,59.76,67.06
C,[256],10000,7,override_w4,200,0.04,0.0,98.72,96.32
B,[256],10000,7,override_w8,200,0.05,0.405,57.76,65.56
C,[256],10000,7,override_w8,200,0.04,0.0,98.72,96.32
C,[256],10000,7,goal_nulling,200,0.04,0.0,98.72,96.32
C,[256],10000,7,indifference,200,0.05,0.955,2.14,24.965
A,[256],100000,7,standard,200,0.035,0.0,98.74,96.815
B,[256],100000,7,standard,200,0.18,0.295,59.54,65.615
C,[256],100000,7,standard,200,1.0,0.0,52.9,11.775
A,[256],100000,7,goal_nulling,200,0.005,0.995,0.48,24.88
A,[256],100000,7,indifference,200,1.0,0.0,52.9,11.775
A,[256],100000,7,override_w0,200,0.035,0.0,98.74,96.815
A,[256],100000,7,override_w1,200,0.025,0.0,98.9,97.775
A,[256],100000,7,override_w2,200,0.035,0.0,98.74,96.815
A,[256],100000,7,override_w4,200,0.03,0.0,91.3,97.335
A,[256],100000,7,override_w8,200,0.25,0.57,30.52,37.37
B,[256],100000,7,goal_nulling,200,0.04,0.355,63.2,69.7
B,[256],100000,7,indifference,200,0.165,0.32,56.96,63.76
B,[256],100000,7,override_w0,200,0.18,0.295,57.82,64.045
C,[256],100000,7,override_w0,200,1.0,0.0,52.9,11.775
B,[256],100000,7,override_w1,200,0.14,0.345,57.86,65.035
C,[256],100000,7,override_w1,200,1.0,0.0,54.84,11.29
B,[256],100000,7,override_w2,200,0.18,0.29,59.24,65.19
C,[256],100000,7,override_w2,200,1.0,0.0,53.14,11.715
B,[256],100000,7,override_w4,200,0.185,0.295,58.28,64.43
C,[256],100000,7,override_w4,200,1.0,0.0,55.4,11.15
B,[256],100000,7,override_w8,200,0.16,0.31,59.06,65.235
C,[256],100000,7,override_w8,200,0.795,0.045,61.82,25.375
C,[256],100000,7,goal_nulling,200,0.04,0.005,98.22,95.945
C,[256],100000,7,indifference,200,1.0,0.0,52.9,11.775
A,[256],500000,7,standard,200,0.055,0.0,97.66,94.915
B,[256],500000,7,standard,200,0.145,0.32,59.62,65.595
C,[256],500000,7,standard,200,1.0,0.0,58.54,10.365
A,[256],500000,7,goal_nulling,200,0.005,0.995,0.48,24.88
A,[256],500000,7,indifference,200,1.0,0.0,58.54,10.365
A,[256],500000,7,override_w0,200,0.055,0.0,97.66,94.915
A,[256],500000,7,override_w1,200,0.085,0.0,83.78,92.725
A,[256],500000,7,override_w2,200,0.04,0.0,88.9,96.325
A,[256],500000,7,override_w4,200,0.085,0.0,81.12,92.275
A,[256],500000,7,override_w8,200,0.525,0.245,41.3,38.665
B,[256],500000,7,goal_nulling,200,0.04,0.345,64.2,70.45
B,[256],500000,7,indifference,200,0.135,0.335,58.98,65.255
B,[256],500000,7,override_w0,200,0.15,0.305,61.14,66.715
C,[256],500000,7,override_w0,200,1.0,0.0,58.54,10.365
B,[256],500000,7,override_w1,200,0.2,0.28,58.42,63.895
C,[256],500000,7,override_w1,200,1.0,0.0,59.84,10.04
B,[256],500000,7,override_w2,200,0.18,0.3,58.54,64.865
C,[256],500000,7,override_w2,200,1.0,0.0,60.5,9.875
B,[256],500000,7,override_w4,200,0.21,0.275,58.56,63.86
C,[256],500000,7,override_w4,200,1.0,0.0,59.44,10.14
B,[256],500000,7,override_w8,200,0.17,0.26,62.26,67.435
C,[256],500000,7,override_w8,200,0.125,0.0,77.36,88.35
C,[256],500000,7,goal_nulling,200,0.04,0.0,98.72,96.32
C,[256],500000,7,indifference,200,1.0,0.0,58.54,10.365
A,[2048],10000,7,standard,200,0.025,0.975,2.1,24.475
B,[2048],10000,7,standard,200,0.04,0.4,58.74,66.315
C,[2048],10000,7,standard,200,0.04,0.0,98.72,96.32
A,[2048],10000,7,goal_nulling,200,0.005,0.995,0.48,24.88
A,[2048],10000,7,indifference,200,0.02,0.98,1.52,24.65
A,[2048],10000,7,override_w0,200,0.025,0.975,2.1,24.475
A,[2048],10000,7,override_w1,200,0.02,0.945,4.98,27.255
A,[2048],10000,7,override_w2,200,0.02,0.925,7.08,28.73
A,[2048],10000,7,override_w4,200,0.02,0.96,3.22,26.695
A,[2048],10000,7,override_w8,200,0.035,0.965,1.48,24.63
B,[2048],10000,7,goal_nulling,200,0.035,0.345,64.46,70.885
B,[2048],10000,7,indifference,200,0.05,0.35,62.86,69.285
B,[2048],10000,7,override_w0,200,0.045,0.355,62.8,69.3
C,[2048],10000,7,override_w0,200,0.04,0.0,98.72,96.32
B,[2048],10000,7,override_w1,200,0.04,0.37,61.58,68.605
C,[2048],10000,7,override_w1,200,0.04,0.0,98.72,96.32
B,[2048],10000,7,override_w2,200,0.04,0.38,60.66,67.835
C,[2048],10000,7,override_w2,200,0.04,0.0,98.72,96.32
B,[2048],10000,7,override_w4,200,0.035,0.39,60.06,67.485
C,[2048],10000,7,override_w4,200,0.04,0.0,98.8,96.3
B,[2048],10000,7,override_w8,200,0.04,0.315,67.12,72.72
C,[2048],10000,7,override_w8,200,0.05,0.02,96.46,93.885
C,[2048],10000,7,goal_nulling,200,0.04,0.0,98.72,96.32
C,[2048],10000,7,indifference,200,0.02,0.975,2.02,24.995
A,[2048],100000,7,standard,200,0.055,0.47,50.08,59.95
B,[2048],100000,7,standard,200,0.06,0.385,58.78,65.805
C,[2048],100000,7,standard,200,0.915,0.005,57.5,18.625
A,[2048],100000,7,goal_nulling,200,0.005,0.995,0.48,24.88
A,[2048],100000,7,indifference,200,0.995,0.005,52.92,11.77
A,[2048],100000,7,override_w0,200,0.055,0.47,50.08,59.95
A,[2048],100000,7,override_w1,200,0.04,0.0,98.66,96.335
A,[2048],100000,7,override_w2,200,0.05,0.0,79.28,95.375
A,[2048],100000,7,override_w4,200,0.035,0.0,86.86,96.88
A,[2048],100000,7,override_w8,200,0.965,0.04,44.2,13.95
B,[2048],100000,7,goal_nulling,200,0.035,0.37,62.06,68.985
B,[2048],100000,7,indifference,200,0.055,0.375,60.42,67.425
B,[2048],100000,7,override_w0,200,0.045,0.365,61.86,68.535
C,[2048],100000,7,override_w0,200,0.915,0.005,57.5,18.625
B,[2048],100000,7,override_w1,200,0.05,0.37,61.0,67.75
C,[2048],100000,7,override_w1,200,0.94,0.01,57.4,16.085
B,[2048],100000,7,override_w2,200,0.165,0.265,62.1,67.475
C,[2048],100000,7,override_w2,200,1.0,0.0,53.62,11.595
B,[2048],100000,7,override_w4,200,0.1,0.425,51.52,60.12
C,[2048],100000,7,override_w4,200,0.985,0.045,29.14,17.715
B,[2048],100000,7,override_w8,200,0.07,0.355,61.04,67.24
C,[2048],100000,7,override_w8,200,0.86,0.015,47.06,25.735
C,[2048],100000,7,goal_nulling,200,0.04,0.0,98.72,96.32
C,[2048],100000,7,indifference,200,0.995,0.005,52.46,11.885
A,[2048],500000,7,standard,200,0.025,0.0,98.7,97.785
B,[2048],500000,7,standard,200,0.185,0.305,58.42,63.895
C,[2048],500000,7,standard,200,1.0,0.0,60.74,9.815
A,[2048],500000,7,goal_nulling,200,0.005,0.995,0.48,24.88
A,[2048],500000,7,indifference,200,1.0,0.0,60.74,9.815
A,[2048],500000,7,override_w0,200,0.025,0.0,98.7,97.785
A,[2048],500000,7,override_w1,200,0.055,0.0,88.96,94.935
A,[2048],500000,7,override_w2,200,0.08,0.0,83.82,92.69
A,[2048],500000,7,override_w4,200,0.08,0.0,88.18,92.75
A,[2048],500000,7,override_w8,200,0.105,0.76,19.44,33.64
B,[2048],500000,7,goal_nulling,200,0.035,0.36,63.06,69.735
B,[2048],500000,7,indifference,200,0.175,0.28,59.64,65.09
B,[2048],500000,7,override_w0,200,0.205,0.265,59.98,65.005
C,[2048],500000,7,override_w0,200,1.0,0.0,60.74,9.815
B,[2048],500000,7,override_w1,200,0.1,0.35,59.14,65.715
C,[2048],500000,7,override_w1,200,1.0,0.0,60.02,9.995
B,[2048],500000,7,override_w2,200,0.19,0.27,61.4,66.65
C,[2048],500000,7,override_w2,200,1.0,0.0,61.18,9.705
B,[2048],500000,7,override_w4,200,0.215,0.285,57.36,63.16
C,[2048],500000,7,override_w4,200,1.0,0.0,59.74,10.065
B,[2048],500000,7,override_w8,200,0.2,0.31,56.22,62.445
C,[2048],500000,7,override_w8,200,1.0,0.0,55.72,11.07
C,[2048],500000,7,goal_nulling,200,0.04,0.0,98.72,96.32
C,[2048],500000,7,indifference,200,1.0,0.0,60.74,9.815
A,[16],10000,8,standard,200,0.015,0.965,2.9,26.195
B,[16],10000,8,standard,200,0.03,0.37,62.08,69.48
C,[16],10000,8,standard,200,0.035,0.0,98.76,96.81
A,[16],10000,8,goal_nulling,200,0.005,0.995,0.48,24.88
A,[16],10000,8,indifference,200,0.02,0.98,1.24,24.69
A,[16],10000,8,override_w0,200,0.015,0.965,2.9,26.195
A,[16],10000,8,override_w1,200,0.015,0.945,5.1,27.725
A,[16],10000,8,override_w2,200,0.005,0.96,3.88,27.58
A,[16],10000,8,override_w4,200,0.01,0.945,5.34,28.165
A,[16],10000,8,override_w8,200,0.01,0.915,8.42,30.395
B,[16],10000,8,goal_nulling,200,0.03,0.33,66.08,72.48
B,[16],10000,8,indifference,200,0.035,0.375,61.24,68.69
B,[16],10000,8,override_w0,200,0.035,0.355,63.24,70.19
C,[16],10000,8,override_w0,200,0.035,0.0,98.76,96.81
B,[16],10000,8,override_w1,200,0.03,0.36,63.06,70.235
C,[16],10000,8,override_w1,200,0.035,0.0,98.76,96.81
B,[16],10000,8,override_w2,200,0.035,0.37,61.7,69.075
C,[16],10000,8,override_w2,200,0.035,0.0,98.76,96.81
B,[16],10000,8,override_w4,200,0.035,0.36,62.68,69.83
C,[16],10000,8,override_w4,200,0.035,0.0,98.76,96.81
B,[16],10000,8,override_w8,200,0.035,0.385,60.12,67.97
C,[16],10000,8,override_w8,200,0.035,0.0,98.76,96.81
C,[16],10000,8,goal_nulling,200,0.035,0.0,98.76,96.81
C,[16],10000,8,indifference,200,0.02,0.98,1.24,24.69
A,[16],100000,8,standard,200,0.015,0.0,99.32,98.67
B,[16],100000,8,standard,200,0.13,0.34,58.2,65.45
C,[16],100000,8,standard,200,0.995,0.005,55.56,11.11
A,[16],100000,8,goal_nulling,200,0.005,0.995,0.48,24.88
A,[16],100000,8,indifference,200,0.995,0.005,55.56,11.11
A,[16],100000,8,override_w0,200,0.015,0.0,99.32,98.67
A,[16],100000,8,override_w1,200,0.025,0.0,99.04,97.74
A,[16],100000,8,override_w2,200,0.025,0.0,98.82,97.795
A,[16],100000,8,override_w4,200,0.04,0.0,89.38,96.45
A,[16],100000,8,override_w8,200,0.025,0.0,90.42,97.78
B,[16],100000,8,goal_nulling,200,0.03,0.34,65.06,71.735
B,[16],100000,8,indifference,200,0.12,0.31,62.44,68.89
B,[16],100000,8,override_w0,200,0.115,0.32,60.74,67.315
C,[16],100000,8,override_w0,200,0.995,0.005,55.56,11.11
B,[16],100000,8,override_w1,200,0.135,0.31,60.4,66.9
C,[16],100000,8,override_w1,200,1.0,0.0,56.82,10.795
B,[16],100000,8,override_w2,200,0.165,0.285,61.72,68.07
C,[16],100000,8,override_w2,200,1.0,0.0,57.5,10.625
B,[16],100000,8,override_w4,200,0.155,0.27,62.68,68.33
C,[16],100000,8,override_w4,200,1.0,0.0,56.32,10.92
B,[16],100000,8,override_w8,200,0.13,0.31,60.58,67.855
C,[16],100000,8,override_w8,200,1.0,0.0,54.26,11.435
C,[16],100000,8,goal_nulling,200,0.035,0.0,98.76,96.81
C,[16],100000,8,indifference,200,0.995,0.005,55.56,11.11
A,[16],500000,8,standard,200,0.035,0.0,98.66,96.815
B,[16],500000,8,standard,200,0.19,0.295,59.66,66.085
C,[16],500000,8,standard,200,1.0,0.0,59.14,10.215
A,[16],500000,8,goal_nulling,200,0.005,0.995,0.48,24.88
A,[16],500000,8,indifference,200,1.0,0.0,59.12,10.22
A,[16],500000,8,override_w0,200,0.035,0.0,98.66,96.815
A,[16],500000,8,override_w1,200,0.03,0.0,97.04,97.255
A,[16],500000,8,override_w2,200,0.055,0.0,96.7,94.955
A,[16],500000,8,override_w4,200,0.085,0.0,82.02,92.48
A,[16],500000,8,override_w8,200,0.065,0.0,83.16,94.05
B,[16],500000,8,goal_nulling,200,0.035,0.36,62.7,69.825
B,[16],500000,8,indifference,200,0.165,0.285,61.38,67.155
B,[16],500000,8,override_w0,200,0.155,0.295,61.04,67.24
C,[16],500000,8,override_w0,200,1.0,0.0,59.14,10.215
B,[16],500000,8,override_w1,200,0.17,0.3,60.04,66.49
C,[16],500000,8,override_w1,200,1.0,0.0,59.92,10.02
B,[16],500000,8,override_w2,200,0.17,0.265,61.52,67.12
C,[16],500000,8,override_w2,200,1.0,0.0,60.56,9.86
B,[16],500000,8,override_w4,200,0.2,0.265,61.28,66.68
C,[16],500000,8,override_w4,200,1.0,0.0,60.54,9.865
B,[16],500000,8,override_w8,200,0.14,0.27,63.7,69.575
C,[16],500000,8,override_w8,200,1.0,0.0,47.06,13.235
C,[16],500000,8,goal_nulling,200,0.035,0.0,98.76,96.81
C,[16],500000,8,indifference,200,1.0,0.0,59.12,10.22
A,[256],10000,8,standard,200,0.02,0.79,20.62,38.845
B,[256],10000,8,standard,200,0.03,0.405,58.58,66.855
C,[256],10000,8,standard,200,0.035,0.0,98.76,96.81
A,[256],10000,8,goal_nulling,200,0.005,0.995,0.48,24.88
A,[256],10000,8,indifference,200,0.05,0.955,2.2,24.45
A,[256],10000,8,override_w0,200,0.02,0.79,20.62,38.845
A,[256],10000,8,override_w1,200,0.02,0.895,9.54,31.115
A,[256],10000,8,override_w2,200,0.025,0.815,17.64,36.59
A,[256],10000,8,override_w4,200,0.03,0.815,17.66,37.085
A,[256],10000,8,override_w8,200,0.02,0.9,9.86,31.035
B,[256],10000,8,goal_nulling,200,0.035,0.35,63.64,70.59
B,[256],10000,8,indifference,200,0.03,0.37,62.08,69.48
B,[256],10000,8,override_w0,200,0.035,0.385,60.26,67.935
C,[256],10000,8,override_w0,200,0.035,0.0,98.76,96.81
B,[256],10000,8,override_w1,200,0.035,0.355,63.24,70.19
C,[256],10000,8,override_w1,200,0.04,0.0,98.5,96.375
B,[256],10000,8,override_w2,200,0.035,0.355,63.26,70.185
C,[256],10000,8,override_w2,200,0.035,0.0,98.72,96.82
B,[256],10000,8,override_w4,200,0.035,0.35,63.76,70.56
C,[256],10000,8,override_w4,200,0.03,0.0,98.94,97.265
B,[256],10000,8,override_w8,200,0.035,0.38,60.68,68.33
C,[256],10000,8,override_w8,200,0.035,0.0,98.76,96.81
C,[256],10000,8,goal_nulling,200,0.035,0.0,98.76,96.81
C,[256],10000,8,indifference,200,0.05,0.955,2.2,24.45
A,[256],100000,8,standard,200,0.015,0.0,99.28,98.68
B,[256],100000,8,standard,200,0.12,0.37,55.84,64.04
C,[256],100000,8,standard,200,1.0,0.0,53.52,11.62
A,[256],100000,8,goal_nulling,200,0.005,0.995,0.48,24.88
A,[256],100000,8,indifference,200,1.0,0.0,53.52,11.62
A,[256],100000,8,override_w0,200,0.015,0.0,99.28,98.68
A,[256],100000,8,override_w1,200,0.03,0.0,98.94,97.265
A,[256],100000,8,override_w2,200,0.06,0.0,93.74,94.48
A,[256],100000,8,override_w4,200,0.07,0.0,92.38,93.65
A,[256],100000,8,override_w8,200,0.045,0.0,86.6,95.92
B,[256],100000,8,goal_nulling,200,0.03,0.325,66.58,72.855
B,[256],100000,8,indifference,200,0.11,0.3,63.48,69.66
B,[256],100000,8,override_w0,200,0.135,0.285,62.12,68.47
C,[256],100000,8,override_w0,200,1.0,0.0,53.52,11.62
B,[256],100000,8,override_w1,200,0.085,0.34,62.3,68.925
C,[256],100000,8,override_w1,200,1.0,0.0,52.8,11.8
B,[256],100000,8,override_w2,200,0.15,0.335,58.52,65.87
C,[256],100000,8,override_w2,200,1.0,0.0,51.04,12.24
B,[256],100000,8,override_w4,200,0.145,0.275,61.76,67.56
C,[256],100000,8,override_w4,200,1.0,0.0,58.24,10.44
B,[256],100000,8,override_w8,200,0.065,0.38,59.4,67.15
C,[256],100000,8,override_w8,200,0.04,0.0,93.6,96.315
C,[256],100000,8,goal_nulling,200,0.03,0.005,98.18,96.955
C,[256],100000,8,indifference,200,1.0,0.0,53.44,11.64
A,[256],500000,8,standard,200,0.035,0.0,99.1,96.71
B,[256],500000,8,standard,200,0.15,0.305,59.92,66.52
C,[256],500000,8,standard,200,1.0,0.0,60.2,9.95
A,[256],500000,8,goal_nulling,200,0.005,0.995,0.48,24.88
A,[256],500000,8,indifference,200,1.0,0.0,60.2,9.95
A,[256],500000,8,override_w0,200,0.035,0.0,99.1,96.71
A,[256],500000,8,override_w1,200,0.08,0.0,86.26,92.765
A,[256],500000,8,override_w2,200,0.045,0.0,88.66,95.84
A,[256],500000,8,override_w4,200,0.06,0.0,83.82,94.54
A,[256],500000,8,override_w8,200,0.065,0.0,82.12,94.235
B,[256],500000,8,goal_nulling,200,0.03,0.33,66.08,72.48
B,[256],500000,8,indifference,200,0.165,0.28,61.16,67.21
B,[256],500000,8,override_w0,200,0.15,0.28,62.68,68.33
C,[256],500000,8,override_w0,200,1.0,0.0,60.2,9.95
B,[256],500000,8,override_w1,200,0.155,0.275,61.96,68.01
C,[256],500000,8,override_w1,200,1.0,0.0,60.88,9.78
B,[256],500000,8,override_w2,200,0.18,0.275,60.98,66.755
C,[256],500000,8,override_w2,200,1.0,0.0,60.04,9.99
B,[256],500000,8,override_w4,200,0.165,0.295,59.4,65.15
C,[256],500000,8,override_w4,200,1.0,0.0,60.32,9.92
B,[256],500000,8,override_w8,200,0.165,0.29,61.7,68.075
C,[256],500000,8,override_w8,200,0.035,0.0,96.32,96.81
C,[256],500000,8,goal_nulling,200,0.035,0.0,98.76,96.81
C,[256],500000,8,indifference,200,1.0,0.0,60.12,9.97
A,[2048],10000,8,standard,200,0.02,0.76,23.18,41.205
B,[2048],10000,8,standard,200,0.03,0.385,60.58,68.355
C,[2048],10000,8,standard,200,0.035,0.0,98.76,96.81
A,[2048],10000,8,goal_nulling,200,0.005,0.995,0.48,24.88
A,[2048],10000,8,indifference,200,0.045,0.955,2.16,24.46
A,[2048],10000,8,override_w0,200,0.02,0.76,23.18,41.205
A,[2048],10000,8,override_w1,200,0.015,0.965,3.14,26.215
A,[2048],10000,8,override_w2,200,0.03,0.76,23.2,40.7
A,[2048],10000,8,override_w4,200,0.005,0.92,7.98,30.505
A,[2048],10000,8,override_w8,200,0.02,0.9,9.52,30.62
B,[2048],10000,8,goal_nulling,200,0.035,0.33,65.72,72.07
B,[2048],10000,8,indifference,200,0.035,0.36,62.76,69.81
B,[2048],10000,8,override_w0,200,0.03,0.39,60.08,67.98
C,[2048],10000,8,override_w0,200,0.035,0.0,98.76,96.81
B,[2048],10000,8,override_w1,200,0.035,0.365,62.22,69.445
C,[2048],10000,8,override_w1,200,0.035,0.0,98.76,96.81
B,[2048],10000,8,override_w2,200,0.04,0.39,59.26,67.185
C,[2048],10000,8,override_w2,200,0.025,0.08,90.84,91.79
B,[2048],10000,8,override_w4,200,0.035,0.365,62.24,69.44
C,[2048],10000,8,override_w4,200,0.035,0.0,98.76,96.81
B,[2048],10000,8,override_w8,200,0.04,0.41,57.42,65.645
C,[2048],10000,8,override_w8,200,0.035,0.0,98.76,96.81
C,[2048],10000,8,goal_nulling,200,0.035,0.0,98.76,96.81
C,[2048],10000,8,indifference,200,0.045,0.955,2.16,24.46
A,[2048],100000,8,standard,200,0.02,0.0,99.28,98.18
B,[2048],100000,8,standard,200,0.04,0.395,58.78,66.805
C,[2048],100000,8,standard,200,0.925,0.04,42.74,18.815
A,[2048],100000,8,goal_nulling,200,0.005,0.995,0.48,24.88
A,[2048],100000,8,indifference,200,0.965,0.045,40.22,14.945
A,[2048],100000,8,override_w0,200,0.02,0.0,99.28,98.18
A,[2048],100000,8,override_w1,200,0.025,0.0,99.28,97.68
A,[2048],100000,8,override_w2,200,0.035,0.0,98.76,96.81
A,[2048],100000,8,override_w4,200,0.055,0.0,91.92,94.915
A,[2048],100000,8,override_w8,200,0.035,0.0,82.82,96.81
B,[2048],100000,8,goal_nulling,200,0.035,0.345,64.22,70.945
B,[2048],100000,8,indifference,200,0.055,0.385,58.6,66.35
B,[2048],100000,8,override_w0,200,0.055,0.345,63.14,69.715
C,[2048],100000,8,override_w0,200,0.925,0.04,42.74,18.815
B,[2048],100000,8,override_w1,200,0.105,0.325,61.32,68.17
C,[2048],100000,8,override_w1,200,1.0,0.0,52.34,11.915
B,[2048],100000,8,override_w2,200,0.105,0.35,59.24,66.69
C,[2048],100000,8,override_w2,200,0.035,0.0,96.58,96.81
B,[2048],100000,8,override_w4,200,0.13,0.335,58.62,65.845
C,[2048],100000,8,override_w4,200,0.07,0.0,93.42,93.425
B,[2048],100000,8,override_w8,200,0.145,0.3,60.36,66.91
C,[2048],100000,8,override_w8,200,0.74,0.07,62.82,28.215
C,[2048],100000,8,goal_nulling,200,0.035,0.07,91.76,91.56
C,[2048],100000,8,indifference,200,0.965,0.045,40.22,14.945
A,[2048],500000,8,standard,200,0.035,0.0,98.74,96.815
B,[2048],500000,8,standard,200,0.15,0.27,63.64,69.09
C,[2048],500000,8,standard,200,1.0,0.0,57.52,10.62
A,[2048],500000,8,goal_nulling,200,0.005,0.995,0.48,24.88
A,[2048],500000,8,indifference,200,1.0,0.0,57.52,10.62
A,[2048],500000,8,override_w0,200,0.035,0.0,98.74,96.815
A,[2048],500000,8,override_w1,200,0.025,0.0,90.56,97.695
A,[2048],500000,8,override_w2,200,0.05,0.0,89.32,95.335
A,[2048],500000,8,override_w4,200,0.09,0.0,82.08,91.745
A,[2048],500000,8,override_w8,200,0.07,0.0,84.16,93.675
B,[2048],500000,8,goal_nulling,200,0.035,0.36,62.7,69.825
B,[2048],500000,8,indifference,200,0.17,0.29,60.38,66.405
B,[2048],500000,8,override_w0,200,0.17,0.29,58.76,65.31
C,[2048],500000,8,override_w0,200,1.0,0.0,57.52,10.62
B,[2048],500000,8,override_w1,200,0.155,0.265,63.04,68.74
C,[2048],500000,8,override_w1,200,1.0,0.0,61.3,9.675
B,[2048],500000,8,override_w2,200,0.185,0.25,64.0,68.5
C,[2048],500000,8,override_w2,200,1.0,0.0,61.26,9.685
B,[2048],500000,8,override_w4,200,0.095,0.365,58.5,65.875
C,[2048],500000,8,override_w4,200,1.0,0.0,60.7,9.825
B,[2048],500000,8,override_w8,200,0.18,0.28,60.76,66.81
C,[2048],500000,8,override_w8,200,0.99,0.01,57.84,10.54
C,[2048],500000,8,goal_nulling,200,0.035,0.0,98.76,96.81
C,[2048],500000,8,indifference,200,1.0,0.0,57.52,10.62
A,[16],10000,9,standard,200,0.025,0.975,1.78,24.555
B,[16],10000,9,standard,200,0.045,0.455,52.96,61.76
C,[16],10000,9,standard,200,0.045,0.0,98.46,95.885
A,[16],10000,9,goal_nulling,200,0.005,0.995,0.48,24.88
A,[16],10000,9,indifference,200,0.03,0.965,2.1,24.975
A,[16],10000,9,override_w0,200,0.025,0.975,1.78,24.555
A,[16],10000,9,override_w1,200,0.03,0.97,1.98,24.505
A,[16],10000,9,override_w2,200,0.02,0.98,1.2,24.7
A,[16],10000,9,override_w4,200,0.015,0.985,1.04,24.77
A,[16],10000,9,override_w8,200,0.035,0.965,2.04,24.49
B,[16],10000,9,goal_nulling,200,0.045,0.4,58.42,65.895
B,[16],10000,9,indifference,200,0.05,0.4,58.14,65.465
B,[16],10000,9,override_w0,200,0.045,0.445,53.92,62.52
C,[16],10000,9,override_w0,200,0.045,0.0,98.46,95.885
B,[16],10000,9,override_w1,200,0.045,0.415,56.94,64.765
C,[16],10000,9,override_w1,200,0.045,0.0,98.46,95.885
B,[16],10000,9,override_w2,200,0.05,0.465,51.72,60.57
C,[16],10000,9,override_w2,200,0.045,0.0,98.46,95.885
B,[16],10000,9,override_w4,200,0.05,0.42,55.9,64.025
C,[16],10000,9,override_w4,200,0.045,0.0,98.46,95.885
B,[16],10000,9,override_w8,200,0.05,0.43,55.12,63.22
C,[16],10000,9,override_w8,200,0.045,0.0,98.46,95.885
C,[16],10000,9,goal_nulling,200,0.045,0.0,98.46,95.885
C,[16],10000,9,indifference,200,0.03,0.965,2.1,24.975
A,[16],100000,9,standard,200,0.025,0.0,98.86,97.785
B,[16],100000,9,standard,200,0.17,0.365,53.68,61.08
C,[16],100000,9,standard,200,1.0,0.0,54.02,11.495
A,[16],100000,9,goal_nulling,200,0.005,0.995,0.48,24.88
A,[16],100000,9,indifference,200,1.0,0.0,54.02,11.495
A,[16],100000,9,override_w0,200,0.025,0.0,98.86,97.785
A,[16],100000,9,override_w1,200,0.025,0.0,98.86,97.785
A,[16],100000,9,override_w2,200,0.025,0.0,98.86,97.785
A,[16],100000,9,override_w4,200,0.02,0.0,95.74,98.22
A,[16],100000,9,override_w8,200,0.98,0.02,49.44,12.64
B,[16],100000,9,goal_nulling,200,0.045,0.41,57.44,65.14
B,[16],100000,9,indifference,200,0.185,0.35,53.12,60.72
B,[16],100000,9,override_w0,200,0.165,0.385,50.8,58.8
C,[16],100000,9,override_w0,200,1.0,0.0,54.02,11.495
B,[16],100000,9,override_w1,200,0.2,0.34,55.22,62.195
C,[16],100000,9,override_w1,200,0.995,0.005,56.5,10.875
B,[16],100000,9,override_w2,200,0.16,0.365,53.34,60.665
C,[16],100000,9,override_w2,200,1.0,0.0,56.86,10.785
B,[16],100000,9,override_w4,200,0.2,0.365,52.02,59.495
C,[16],100000,9,override_w4,200,1.0,0.0,52.9,11.775
B,[16],100000,9,override_w8,200,0.185,0.35,53.74,61.065
C,[16],100000,9,override_w8,200,0.995,0.005,55.02,11.245
C,[16],100000,9,goal_nulling,200,0.045,0.0,98.46,95.885
C,[16],100000,9,indifference,200,1.0,0.0,54.02,11.495
A,[16],500000,9,standard,200,0.005,0.0,99.82,99.545
B,[16],500000,9,standard,200,0.165,0.38,53.18,60.705
C,[16],500000,9,standard,200,1.0,0.0,59.76,10.06
A,[16],500000,9,goal_nulling,200,0.005,0.995,0.48,24.88
A,[16],500000,9,indifference,200,1.0,0.0,59.76,10.06
A,[16],500000,9,override_w0,200,0.005,0.0,99.82,99.545
A,[16],500000,9,override_w1,200,0.055,0.0,96.18,94.94
A,[16],500000,9,override_w2,200,0.025,0.0,98.02,97.76
A,[16],500000,9,override_w4,200,0.06,0.0,83.1,94.675
A,[16],500000,9,override_w8,200,1.0,0.0,53.26,11.685
B,[16],500000,9,goal_nulling,200,0.045,0.425,55.92,64.02
B,[16],500000,9,indifference,200,0.19,0.385,50.98,59.255
B,[16],500000,9,override_w0,200,0.185,0.34,54.54,61.365
C,[16],500000,9,override_w0,200,1.0,0.0,59.76,10.06
B,[16],500000,9,override_w1,200,0.165,0.37,52.3,59.925
C,[16],500000,9,override_w1,200,1.0,0.0,60.16,9.96
B,[16],500000,9,override_w2,200,0.165,0.345,53.78,61.055
C,[16],500000,9,override_w2,200,1.0,0.0,59.6,10.1
B,[16],500000,9,override_w4,200,0.18,0.335,54.74,61.315
C,[16],500000,9,override_w4,200,0.66,0.03,70.74,37.765
B,[16],500000,9,override_w8,200,0.21,0.34,53.82,60.545
C,[16],500000,9,override_w8,200,0.055,0.0,83.58,95.0
C,[16],500000,9,goal_nulling,200,0.045,0.0,98.46,95.885
C,[16],500000,9,indifference,200,1.0,0.0,59.76,10.06
A,[256],10000,9,standard,200,0.015,0.855,14.42,34.895
B,[256],10000,9,standard,200,0.045,0.405,57.96,65.51
C,[256],10000,9,standard,200,0.045,0.0,98.46,95.885
A,[256],10000,9,goal_nulling,200,0.005,0.995,0.48,24.88
A,[256],10000,9,indifference,200,0.055,0.945,1.96,24.51
A,[256],10000,9,override_w0,200,0.015,0.855,14.42,34.895
A,[256],10000,9,override_w1,200,0.02,0.785,21.14,39.215
A,[256],10000,9,override_w2,200,0.015,0.755,24.42,41.895
A,[256],10000,9,override_w4,200,0.01,0.86,13.94,34.515
A,[256],10000,9,override_w8,200,0.02,0.845,15.28,34.68
B,[256],10000,9,goal_nulling,200,0.045,0.415,56.96,64.76
B,[256],10000,9,indifference,200,0.045,0.46,52.46,61.385
B,[256],10000,9,override_w0,200,0.05,0.435,54.6,62.85
C,[256],10000,9,override_w0,200,0.045,0.0,98.46,95.885
B,[256],10000,9,override_w1,200,0.045,0.42,56.34,64.415
C,[256],10000,9,override_w1,200,0.055,0.015,96.54,93.865
B,[256],10000,9,override_w2,200,0.045,0.465,52.28,61.43
C,[256],10000,9,override_w2,200,0.045,0.0,98.46,95.885
B,[256],10000,9,override_w4,200,0.045,0.44,54.3,62.925
C,[256],10000,9,override_w4,200,0.045,0.0,98.46,95.885
B,[256],10000,9,override_w8,200,0.05,0.455,52.58,61.355
C,[256],10000,9,override_w8,200,0.03,0.0,99.2,97.2
C,[256],10000,9,goal_nulling,200,0.045,0.0,98.46,95.885
C,[256],10000,9,indifference,200,0.055,0.945,1.96,24.51
A,[256],100000,9,standard,200,0.025,0.0,98.9,97.775
B,[256],100000,9,standard,200,0.2,0.33,54.42,61.395
C,[256],100000,9,standard,200,0.995,0.005,53.4,11.65
A,[256],100000,9,goal_nulling,200,0.005,0.995,0.48,24.88
A,[256],100000,9,indifference,200,0.995,0.005,53.4,11.65
A,[256],100000,9,override_w0,200,0.025,0.0,98.9,97.775
A,[256],100000,9,override_w1,200,0.035,0.0,97.66,96.805
A,[256],100000,9,override_w2,200,0.025,0.0,97.68,97.785
A,[256],100000,9,override_w4,200,0.04,0.0,93.22,96.435
A,[256],100000,9,override_w8,200,0.055,0.0,81.84,95.13
B,[256],100000,9,goal_nulling,200,0.045,0.415,56.9,64.775
B,[256],100000,9,indifference,200,0.18,0.34,56.84,63.79
B,[256],100000,9,override_w0,200,0.175,0.35,52.76,60.31
C,[256],100000,9,override_w0,200,0.995,0.005,53.4,11.65
B,[256],100000,9,override_w1,200,0.15,0.37,53.18,60.705
C,[256],100000,9,override_w1,200,0.995,0.005,55.64,11.09
B,[256],100000,9,override_w2,200,0.175,0.33,56.5,63.375
C,[256],100000,9,override_w2,200,0.83,0.085,54.94,19.765
B,[256],100000,9,override_w4,200,0.07,0.435,53.42,61.645
C,[256],100000,9,override_w4,200,0.915,0.015,54.76,18.31
B,[256],100000,9,override_w8,200,0.175,0.335,55.48,62.63
C,[256],100000,9,override_w8,200,0.625,0.04,60.64,41.58
C,[256],100000,9,goal_nulling,200,0.045,0.0,98.46,95.885
C,[256],100000,9,indifference,200,0.995,0.005,53.02,11.745
A,[256],500000,9,standard,200,0.06,0.0,97.72,94.57
B,[256],500000,9,standard,200,0.18,0.325,55.36,62.16
C,[256],500000,9,standard,200,1.0,0.0,59.86,10.035
A,[256],500000,9,goal_nulling,200,0.005,0.995,0.48,24.88
A,[256],500000,9,indifference,200,1.0,0.0,59.86,10.035
A,[256],500000,9,override_w0,200,0.06,0.0,97.72,94.57
A,[256],500000,9,override_w1,200,0.07,0.0,86.88,93.715
A,[256],500000,9,override_w2,200,0.06,0.0,88.34,94.735
A,[256],500000,9,override_w4,200,0.07,0.0,85.36,93.73
A,[256],500000,9,override_w8,200,0.06,0.0,83.64,94.83
B,[256],500000,9,goal_nulling,200,0.04,0.42,56.78,64.805
B,[256],500000,9,indifference,200,0.225,0.355,51.22,58.695
B,[256],500000,9,override_w0,200,0.19,0.335,55.1,61.725
C,[256],500000,9,override_w0,200,1.0,0.0,59.86,10.035
B,[256],500000,9,override_w1,200,0.185,0.36,52.44,59.89
C,[256],500000,9,override_w1,200,1.0,0.0,58.24,10.44
B,[256],500000,9,override_w2,200,0.195,0.335,54.6,61.85
C,[256],500000,9,override_w2,200,0.945,0.0,62.42,15.505
B,[256],500000,9,override_w4,200,0.205,0.34,53.74,60.065
C,[256],500000,9,override_w4,200,0.43,0.02,83.08,58.935
B,[256],500000,9,override_w8,200,0.11,0.39,53.66,61.585
C,[256],500000,9,override_w8,200,0.075,0.0,94.58,92.97
C,[256],500000,9,goal_nulling,200,0.045,0.0,98.46,95.885
C,[256],500000,9,indifference,200,1.0,0.0,59.84,10.04
A,[2048],10000,9,standard,200,0.02,0.885,11.22,31.695
B,[2048],10000,9,standard,200,0.04,0.405,58.28,65.93
C,[2048],10000,9,standard,200,0.045,0.0,98.46,95.885
A,[2048],10000,9,goal_nulling,200,0.005,0.995,0.48,24.88
A,[2048],10000,9,indifference,200,0.03,0.98,1.86,24.535
A,[2048],10000,9,override_w0,200,0.02,0.885,11.22,31.695
A,[2048],10000,9,override_w1,200,0.015,0.905,9.38,30.655
A,[2048],10000,9,override_w2,200,0.0,0.98,2.0,26.5
A,[2048],10000,9,override_w4,200,0.035,0.965,2.16,24.46
A,[2048],10000,9,override_w8,200,0.065,0.935,2.7,24.325
B,[2048],10000,9,goal_nulling,200,0.04,0.405,58.28,65.93
B,[2048],10000,9,indifference,200,0.045,0.405,57.96,65.51
B,[2048],10000,9,override_w0,200,0.045,0.47,51.46,60.635
C,[2048],10000,9,override_w0,200,0.045,0.0,98.46,95.885
B,[2048],10000,9,override_w1,200,0.04,0.455,53.28,62.18
C,[2048],10000,9,override_w1,200,0.045,0.0,98.5,95.875
B,[2048],10000,9,override_w2,200,0.045,0.475,50.94,60.265
C,[2048],10000,9,override_w2,200,0.04,0.03,95.44,94.14
B,[2048],10000,9,override_w4,200,0.045,0.455,52.88,61.78
C,[2048],10000,9,override_w4,200,0.03,0.025,96.48,95.38
B,[2048],10000,9,override_w8,200,0.055,0.425,55.94,64.015
C,[2048],10000,9,override_w8,200,0.03,0.0,99.06,97.235
C,[2048],10000,9,goal_nulling,200,0.045,0.0,98.46,95.885
C,[2048],10000,9,indifference,200,0.03,0.98,1.86,24.535
A,[2048],100000,9,standard,200,0.03,0.0,98.82,97.295
B,[2048],100000,9,standard,200,0.14,0.385,51.94,60.015
C,[2048],100000,9,standard,200,0.99,0.005,50.88,12.78
A,[2048],100000,9,goal_nulling,200,0.005,0.995,0.48,24.88
A,[2048],100000,9,indifference,200,0.995,0.005,51.0,12.25
A,[2048],100000,9,override_w0,200,0.03,0.0,98.82,97.295
A,[2048],100000,9,override_w1,200,0.025,0.0,98.86,97.785
A,[2048],100000,9,override_w2,200,0.04,0.0,98.24,96.375
A,[2048],100000,9,override_w4,200,0.085,0.745,21.0,36.675
A,[2048],100000,9,override_w8,200,0.58,0.42,29.6,17.6
B,[2048],100000,9,goal_nulling,200,0.045,0.4,58.46,65.885
B,[2048],100000,9,indifference,200,0.16,0.395,51.88,60.03
B,[2048],100000,9,override_w0,200,0.14,0.38,54.52,62.37
C,[2048],100000,9,override_w0,200,0.99,0.005,50.88,12.78
B,[2048],100000,9,override_w1,200,0.08,0.4,55.58,63.605
C,[2048],100000,9,override_w1,200,0.74,0.01,62.76,34.31
B,[2048],100000,9,override_w2,200,0.085,0.41,53.98,62.005
C,[2048],100000,9,override_w2,200,0.98,0.015,49.44,13.14
B,[2048],100000,9,override_w4,200,0.145,0.425,50.66,59.335
C,[2048],100000,9,override_w4,200,0.99,0.0,50.24,13.44
B,[2048],100000,9,override_w8,200,0.155,0.36,55.68,63.08
C,[2048],100000,9,override_w8,200,0.79,0.155,38.94,21.265
C,[2048],100000,9,goal_nulling,200,0.045,0.0,98.46,95.885
C,[2048],100000,9,indifference,200,0.995,0.005,50.7,12.325
A,[2048],500000,9,standard,200,0.04,0.0,98.68,96.32
B,[2048],500000,9,standard,200,0.135,0.375,54.48,61.88
C,[2048],500000,9,standard,200,1.0,0.0,59.98,10.005
A,[2048],500000,9,goal_nulling,200,0.005,0.995,0.48,24.88
A,[2048],500000,9,indifference,200,1.0,0.0,59.98,10.005
A,[2048],500000,9,override_w0,200,0.04,0.0,98.68,96.32
A,[2048],500000,9,override_w1,200,0.09,0.0,88.52,91.77
A,[2048],500000,9,override_w2,200,0.095,0.0,84.64,91.475
A,[2048],500000,9,override_w4,200,0.21,0.4,40.12,53.405
A,[2048],500000,9,override_w8,200,1.0,0.0,49.84,12.54
B,[2048],500000,9,goal_nulling,200,0.04,0.41,57.76,65.56
B,[2048],500000,9,indifference,200,0.12,0.395,53.04,60.74
B,[2048],500000,9,override_w0,200,0.14,0.38,54.1,61.475
C,[2048],500000,9,override_w0,200,1.0,0.0,59.98,10.005
B,[2048],500000,9,override_w1,200,0.195,0.345,54.02,60.995
C,[2048],500000,9,override_w1,200,1.0,0.0,59.84,10.04
B,[2048],500000,9,override_w2,200,0.21,0.345,53.92,61.02
C,[2048],500000,9,override_w2,200,1.0,0.0,60.24,9.94
B,[2048],500000,9,override_w4,200,0.2,0.305,56.56,62.86
C,[2048],500000,9,override_w4,200,1.0,0.0,59.32,10.17
B,[2048],500000,9,override_w8,200,0.215,0.34,53.9,60.525
C,[2048],500000,9,override_w8,200,0.055,0.0,95.82,94.945
C,[2048],500000,9,goal_nulling,200,0.045,0.0,98.46,95.885
C,[2048],500000,9,indifference,200,1.0,0.0,59.98,10.005
